body,old_path,new_path,file_id
"1 exam media","atili/Dutch/oefenexamensnt2/2025 Luisteren II openbaar examen audio- en videobestanden/Track 47_opgave 38.mp4","atili/Dutch/DUO oefenexamens NT2/2025 Luisteren II/audio/2025 Luisteren II - 47 - (Filmpje) - opgave 38.mp4","1wKhs-jKZ_vPZTtnEn1zxLBTnJcGRCb-p"
"1 exam media","atili/Dutch/oefenexamensnt2/2025 Luisteren II openbaar examen audio- en videobestanden/Track 38_intro 2.mp4","atili/Dutch/DUO oefenexamens NT2/2025 Luisteren II/audio/2025 Luisteren II - 38 - (Filmpje) - introductie.mp4","1kDD1MuOTbBRdnrJaYy1ivKOpyw80QtND"
"1 exam media","atili/Dutch/oefenexamensnt2/2025 Luisteren II openbaar examen audio- en videobestanden/Track 44_opgave 35.mp4","atili/Dutch/DUO oefenexamens NT2/2025 Luisteren II/audio/2025 Luisteren II - 44 - (Filmpje) - opgave 35.mp4","1-OiQH8C8xR8ahYkjwhuASn6lSO3XAUrK"
"1 exam media","atili/Dutch/oefenexamensnt2/2025 Luisteren II openbaar examen audio- en videobestanden/Track 45_opgave 36.mp4","atili/Dutch/DUO oefenexamens NT2/2025 Luisteren II/audio/2025 Luisteren II - 45 - (Filmpje) - opgave 36.mp4","1G0fXQCJv7INM3An2btgygnWtH8O_6u6i"
"1 exam media","atili/Dutch/oefenexamensnt2/2025 Luisteren II openbaar examen audio- en videobestanden/Track 43_opgave 34.mp4","atili/Dutch/DUO oefenexamens NT2/2025 Luisteren II/audio/2025 Luisteren II - 43 - (Filmpje) - opgave 34.mp4","1ldCjDJ4TxYd-sD14HQGols3FTWLZo0N-"
"1 exam media","atili/Dutch/oefenexamensnt2/2025 Luisteren II openbaar examen audio- en videobestanden/Track 46_opgave 37.mp4","atili/Dutch/DUO oefenexamens NT2/2025 Luisteren II/audio/2025 Luisteren II - 46 - (Filmpje) - opgave 37.mp4","12HpDVcC2efQVTSWUyIEtPgRwRuJmcUpp"
"1 exam media","atili/Dutch/oefenexamensnt2/2025 Luisteren II openbaar examen audio- en videobestanden/Track 42_opgave 33.mp4","atili/Dutch/DUO oefenexamens NT2/2025 Luisteren II/audio/2025 Luisteren II - 42 - (Filmpje) - opgave 33.mp4","101_3dnh-HulV558XwVp_BY5VeYxtzqKC"
"1 exam media","atili/Dutch/oefenexamensnt2/2025 Luisteren II openbaar examen audio- en videobestanden/Track 40_opgave 31.mp4","atili/Dutch/DUO oefenexamens NT2/2025 Luisteren II/audio/2025 Luisteren II - 40 - (Filmpje) - opgave 31.mp4","1X2VFef0-eWGgnKKbgF-w1-PRvlR2Pe83"
"1 exam media","atili/Dutch/oefenexamensnt2/2025 Luisteren II openbaar examen audio- en videobestanden/Track 41_opgave 32.mp4","atili/Dutch/DUO oefenexamens NT2/2025 Luisteren II/audio/2025 Luisteren II - 41 - (Filmpje) - opgave 32.mp4","1QXxhWb4J5yPmkpy3XehnunE53QTV75eL"
"1 exam media","atili/Dutch/oefenexamensnt2/2025 Luisteren II openbaar examen audio- en videobestanden/Track 31_opgave 26.mp3","atili/Dutch/DUO oefenexamens NT2/2025 Luisteren II/audio/2025 Luisteren II - 31 - Een interview met theaterdocent Marloes Heemskerk - opgave 26.mp3","11rSk3xWTm4rN8y-mDLZPdLvzt_5Jbe_o"
"1 exam media","atili/Dutch/oefenexamensnt2/2025 Luisteren II openbaar examen audio- en videobestanden/Track 3_opgave 1.mp3","atili/Dutch/DUO oefenexamens NT2/2025 Luisteren II/audio/2025 Luisteren II - 03 - Een sollicitatiegesprek met een hbo-docent - opgave 1.mp3","1qs6vBI24324eYv0F3OTB8hHeEPWY_E_C"
"1 exam media","atili/Dutch/oefenexamensnt2/2025 Luisteren II openbaar examen audio- en videobestanden/Track 24_opgave 20.mp3","atili/Dutch/DUO oefenexamens NT2/2025 Luisteren II/audio/2025 Luisteren II - 24 - Lezing sportrusten - opgave 20.mp3","1CYRbtxs39GdEUZ3se8IS8meNqhK766Jv"
"1 exam media","atili/Dutch/oefenexamensnt2/2025 Luisteren II openbaar examen audio- en videobestanden/Track 19_intro.mp3","atili/Dutch/DUO oefenexamens NT2/2025 Luisteren II/audio/2025 Luisteren II - 19 - Lezing sportrusten - introductie.mp3","1s6pBL7rzn9ecSFzXIZsGvxxV7TUy4isO"
"1 exam media","atili/Dutch/oefenexamensnt2/2025 Luisteren II openbaar examen audio- en videobestanden/Track 10_opgave 8.mp3","atili/Dutch/DUO oefenexamens NT2/2025 Luisteren II/audio/2025 Luisteren II - 10 - Een sollicitatiegesprek met een hbo-docent - opgave 8.mp3","1P-CVyhJkVbqCe3ct6RE4ZKJ8nn2bHuCs"
"1 exam media","atili/Dutch/oefenexamensnt2/2025 Luisteren II openbaar examen audio- en videobestanden/Track 7_opgave 5.mp3","atili/Dutch/DUO oefenexamens NT2/2025 Luisteren II/audio/2025 Luisteren II - 07 - Een sollicitatiegesprek met een hbo-docent - opgave 5.mp3","19L1bsNTodrKNnUIAhzkW3OHJlxo1Wp76"
"1 exam media","atili/Dutch/oefenexamensnt2/2025 Luisteren II openbaar examen audio- en videobestanden/Track 23_opgave 19.mp3","atili/Dutch/DUO oefenexamens NT2/2025 Luisteren II/audio/2025 Luisteren II - 23 - Lezing sportrusten - opgave 19.mp3","1_tzF6HIOaebBhsNK7YvAh4g4E8sYd8Cz"
"1 exam media","atili/Dutch/oefenexamensnt2/2025 Luisteren II openbaar examen audio- en videobestanden/Track 25_opgave 21.mp3","atili/Dutch/DUO oefenexamens NT2/2025 Luisteren II/audio/2025 Luisteren II - 25 - Lezing sportrusten - opgave 21.mp3","1NHafuwNRdKjfPyCYRY0oFa2ADcD-ABTn"
"1 exam media","atili/Dutch/oefenexamensnt2/2025 Luisteren II openbaar examen audio- en videobestanden/Track 35_opgave 30.mp3","atili/Dutch/DUO oefenexamens NT2/2025 Luisteren II/audio/2025 Luisteren II - 35 - Een interview met theaterdocent Marloes Heemskerk - opgave 30.mp3","1SzQiqpUuOi47VeEGX9HllA_H2vgV643g"
"1 exam media","atili/Dutch/oefenexamensnt2/2025 Luisteren II openbaar examen audio- en videobestanden/Track 2_intro.mp3","atili/Dutch/DUO oefenexamens NT2/2025 Luisteren II/audio/2025 Luisteren II - 02 - Een sollicitatiegesprek met een hbo-docent - introductie.mp3","1gZzQZwXBnDddPBT46zFNjnLOoHNQnAcn"
"1 exam media","atili/Dutch/oefenexamensnt2/2025 Luisteren II openbaar examen audio- en videobestanden/Track 32_opgave 27.mp3","atili/Dutch/DUO oefenexamens NT2/2025 Luisteren II/audio/2025 Luisteren II - 32 - Een interview met theaterdocent Marloes Heemskerk - opgave 27.mp3","1OW0n8Fonx1tk_nAMw7j9mlveJRKySpfb"
"1 exam media","atili/Dutch/oefenexamensnt2/2025 Luisteren II openbaar examen audio- en videobestanden/Track 11_Intro.mp3","atili/Dutch/DUO oefenexamens NT2/2025 Luisteren II/audio/2025 Luisteren II - 11 - Een gesprek met een zorggroepmanager - introductie.mp3","1oyziEmzSzzIIFce_oKMumbm0e3Tntpa5"
"1 exam media","atili/Dutch/oefenexamensnt2/2025 Luisteren II openbaar examen audio- en videobestanden/Track 28_opgave 24.mp3","atili/Dutch/DUO oefenexamens NT2/2025 Luisteren II/audio/2025 Luisteren II - 28 - Lezing sportrusten - opgave 24.mp3","1EYZ6lXx4u2LiBYCHPSDWAxqxw9KkTU1j"
"1 exam media","atili/Dutch/oefenexamensnt2/2025 Luisteren II openbaar examen audio- en videobestanden/Track 9_opgave 7.mp3","atili/Dutch/DUO oefenexamens NT2/2025 Luisteren II/audio/2025 Luisteren II - 09 - Een sollicitatiegesprek met een hbo-docent - opgave 7.mp3","1Uv4kgqVEZklsQyjZCOVKJYTJy5C8q1z1"
"1 exam media","atili/Dutch/oefenexamensnt2/2025 Luisteren II openbaar examen audio- en videobestanden/Track 13_opgave 10.mp3","atili/Dutch/DUO oefenexamens NT2/2025 Luisteren II/audio/2025 Luisteren II - 13 - Een gesprek met een zorggroepmanager - opgave 10.mp3","1rki8owL0YLugZOZNm1WlBqIS0uKNNcBX"
"1 exam media","atili/Dutch/oefenexamensnt2/2025 Luisteren II openbaar examen audio- en videobestanden/Track 36_instructie videodeel.mp3","atili/Dutch/DUO oefenexamens NT2/2025 Luisteren II/audio/2025 Luisteren II - 36 - instructie videodeel.mp3","1vxlyqDpP-POLV6nAOX92tyOuXlIvuPt_"
"1 exam media","atili/Dutch/oefenexamensnt2/2025 Luisteren II openbaar examen audio- en videobestanden/Track 4_opgave 2.mp3","atili/Dutch/DUO oefenexamens NT2/2025 Luisteren II/audio/2025 Luisteren II - 04 - Een sollicitatiegesprek met een hbo-docent - opgave 2.mp3","1R4sIt5lUsrvpzCs0idxh3mHlgTKxDtFy"
"1 exam media","atili/Dutch/oefenexamensnt2/2025 Luisteren II openbaar examen audio- en videobestanden/Track 17_opgave 14.mp3","atili/Dutch/DUO oefenexamens NT2/2025 Luisteren II/audio/2025 Luisteren II - 17 - Een gesprek met een zorggroepmanager - opgave 14.mp3","1XGTL-EIHL2Ep1KNw6yBhnxv14GmbO_Hb"
"1 exam media","atili/Dutch/oefenexamensnt2/2025 Luisteren II openbaar examen audio- en videobestanden/Track 27_opgave 23.mp3","atili/Dutch/DUO oefenexamens NT2/2025 Luisteren II/audio/2025 Luisteren II - 27 - Lezing sportrusten - opgave 23.mp3","1apS2X7z6P0ibwX7pkEq4HtgJwYxZOEjq"
"1 exam media","atili/Dutch/oefenexamensnt2/2025 Luisteren II openbaar examen audio- en videobestanden/Track 37_intro 1.mp3","atili/Dutch/DUO oefenexamens NT2/2025 Luisteren II/audio/2025 Luisteren II - 37 - Een interview met een stadsgids - introductie.mp3","1oVcvd7eVZzVdpDa8V1IYFq7AwfeXSlII"
"1 exam media","atili/Dutch/oefenexamensnt2/2025 Luisteren II openbaar examen audio- en videobestanden/Track 33_opgave 28.mp3","atili/Dutch/DUO oefenexamens NT2/2025 Luisteren II/audio/2025 Luisteren II - 33 - Een interview met theaterdocent Marloes Heemskerk - opgave 28.mp3","1xRgeLYD9VqKXbL_MPOaCIVJejKzoh9xY"
"1 exam media","atili/Dutch/oefenexamensnt2/2025 Luisteren II openbaar examen audio- en videobestanden/Track 29_intro.mp3","atili/Dutch/DUO oefenexamens NT2/2025 Luisteren II/audio/2025 Luisteren II - 29 - Een interview met theaterdocent Marloes Heemskerk - introductie.mp3","1GbbyPdyQkw5pfF4uqLmBxcDgfVFa9ju-"
"1 exam media","atili/Dutch/oefenexamensnt2/2025 Luisteren II openbaar examen audio- en videobestanden/Track 26_opgave 22.mp3","atili/Dutch/DUO oefenexamens NT2/2025 Luisteren II/audio/2025 Luisteren II - 26 - Lezing sportrusten - opgave 22.mp3","1XBbXbFXkwY1D-3LKju5NaY-P3BhR5rF_"
"1 exam media","atili/Dutch/oefenexamensnt2/2025 Luisteren II openbaar examen audio- en videobestanden/Track 34_opgave 29.mp3","atili/Dutch/DUO oefenexamens NT2/2025 Luisteren II/audio/2025 Luisteren II - 34 - Een interview met theaterdocent Marloes Heemskerk - opgave 29.mp3","134QnL6W1ncMrmFB0NTA7jFbfmCUKTfej"
"1 exam media","atili/Dutch/oefenexamensnt2/2025 Luisteren II openbaar examen audio- en videobestanden/Track 8_opgave 6.mp3","atili/Dutch/DUO oefenexamens NT2/2025 Luisteren II/audio/2025 Luisteren II - 08 - Een sollicitatiegesprek met een hbo-docent - opgave 6.mp3","1c1BIByL9OLuu3tr5nnsazwX2r3qsKdwG"
"1 exam media","atili/Dutch/oefenexamensnt2/2025 Luisteren II openbaar examen audio- en videobestanden/Track 22_opgave 18.mp3","atili/Dutch/DUO oefenexamens NT2/2025 Luisteren II/audio/2025 Luisteren II - 22 - Lezing sportrusten - opgave 18.mp3","119toLItaeOPmvAecBbTAbtUjmjM7B4YR"
"1 exam media","atili/Dutch/oefenexamensnt2/2025 Luisteren II openbaar examen audio- en videobestanden/Track 16_opgave 13.mp3","atili/Dutch/DUO oefenexamens NT2/2025 Luisteren II/audio/2025 Luisteren II - 16 - Een gesprek met een zorggroepmanager - opgave 13.mp3","17A1zN5pOYgGyHT1FRkOia5Q967TSAEJt"
"1 exam media","atili/Dutch/oefenexamensnt2/2025 Luisteren II openbaar examen audio- en videobestanden/Track 39_instructie.mp3","atili/Dutch/DUO oefenexamens NT2/2025 Luisteren II/audio/2025 Luisteren II - 39 - instructie.mp3","1IMKTSxDEGtEVyS2typJejUCNGI5gHuU_"
"1 exam media","atili/Dutch/oefenexamensnt2/2025 Luisteren II openbaar examen audio- en videobestanden/Track 30_opgave 25.mp3","atili/Dutch/DUO oefenexamens NT2/2025 Luisteren II/audio/2025 Luisteren II - 30 - Een interview met theaterdocent Marloes Heemskerk - opgave 25.mp3","1brvLxgBhaEr-oeHhVskwFlvAXE6l7z0L"
"1 exam media","atili/Dutch/oefenexamensnt2/2025 Luisteren II openbaar examen audio- en videobestanden/Track 21_opgave 17.mp3","atili/Dutch/DUO oefenexamens NT2/2025 Luisteren II/audio/2025 Luisteren II - 21 - Lezing sportrusten - opgave 17.mp3","1PmEzryplqKZbu6xCOltzyl787t-gCn52"
"1 exam media","atili/Dutch/oefenexamensnt2/2025 Luisteren II openbaar examen audio- en videobestanden/Track 12_opgave 9.mp3","atili/Dutch/DUO oefenexamens NT2/2025 Luisteren II/audio/2025 Luisteren II - 12 - Een gesprek met een zorggroepmanager - opgave 9.mp3","1k4VGsh6uYF7WyG5MiE7kY6DrReDgz3_j"
"1 exam media","atili/Dutch/oefenexamensnt2/2025 Luisteren II openbaar examen audio- en videobestanden/Track 6_opgave 4.mp3","atili/Dutch/DUO oefenexamens NT2/2025 Luisteren II/audio/2025 Luisteren II - 06 - Een sollicitatiegesprek met een hbo-docent - opgave 4.mp3","13vnkzquqgZ2azdVeLVfHJ3xaIS9fssva"
"1 exam media","atili/Dutch/oefenexamensnt2/2025 Luisteren II openbaar examen audio- en videobestanden/Track 15_opgave 12.mp3","atili/Dutch/DUO oefenexamens NT2/2025 Luisteren II/audio/2025 Luisteren II - 15 - Een gesprek met een zorggroepmanager - opgave 12.mp3","1VGFuvvUH_JefJg-F21emzpmQes1Anbhc"
"1 exam media","atili/Dutch/oefenexamensnt2/2025 Luisteren II openbaar examen audio- en videobestanden/Track 5_opgave 3.mp3","atili/Dutch/DUO oefenexamens NT2/2025 Luisteren II/audio/2025 Luisteren II - 05 - Een sollicitatiegesprek met een hbo-docent - opgave 3.mp3","1xmHo30Psx-5Xb1l7hPvaB_ol-MQF2jju"
"1 exam media","atili/Dutch/oefenexamensnt2/2025 Luisteren II openbaar examen audio- en videobestanden/Track 20_opgave 16.mp3","atili/Dutch/DUO oefenexamens NT2/2025 Luisteren II/audio/2025 Luisteren II - 20 - Lezing sportrusten - opgave 16.mp3","1kOaFh1lUhdK_7J739fDM_W64DAKVKfHn"
"1 exam media","atili/Dutch/oefenexamensnt2/2025 Luisteren II openbaar examen audio- en videobestanden/Track 18_opgave 15.mp3","atili/Dutch/DUO oefenexamens NT2/2025 Luisteren II/audio/2025 Luisteren II - 18 - Een gesprek met een zorggroepmanager - opgave 15.mp3","1p4mkG_7ztJhehPfwi1cW2ojkHcMgquUC"
"1 exam media","atili/Dutch/oefenexamensnt2/2025 Luisteren II openbaar examen audio- en videobestanden/Track 14_opgave 11.mp3","atili/Dutch/DUO oefenexamens NT2/2025 Luisteren II/audio/2025 Luisteren II - 14 - Een gesprek met een zorggroepmanager - opgave 11.mp3","1C3-i4l8oeFSIJGbpCxPQoWKmhQJTBhG1"
"1 exam media","atili/Dutch/oefenexamensnt2/2025 Luisteren II openbaar examen audio- en videobestanden/Track 1_instructie.mp3","atili/Dutch/DUO oefenexamens NT2/2025 Luisteren II/audio/2025 Luisteren II - 01 - instructie.mp3","1oUTkWP97IquNPu-V2aIKUAz71mFy60IA"
"1 exam media","atili/Dutch/oefenexamensnt2/2025 Luisteren II openbaar examen audio- en videobestanden/Track 48_bron en disclaimer.mp3","atili/Dutch/DUO oefenexamens NT2/2025 Luisteren II/audio/2025 Luisteren II - 48 - (Filmpje).mp3","1wdxehGSX6GPpPbqYZwYBy3f0ZjN2_RoE"
"1 exam media","atili/Dutch/oefenexamensnt2/2025 Luisteren II openbaar examen audio- en videobestanden/Track 37_intro 1.opus","atili/Dutch/DUO oefenexamens NT2/2025 Luisteren II/audio/2025 Luisteren II - 37 - Een interview met een stadsgids - introductie.opus","1T9M-YFnGRBOlOYslnMqGIG9Fu9Qu8ibz"
"1 exam media","atili/Dutch/oefenexamensnt2/2025 Luisteren II openbaar examen audio- en videobestanden/Track 19_intro.opus","atili/Dutch/DUO oefenexamens NT2/2025 Luisteren II/audio/2025 Luisteren II - 19 - Lezing sportrusten - introductie.opus","1rrvOo0HO-rjFgPtG55AGUcTCiBHbsYje"
"1 exam media","atili/Dutch/oefenexamensnt2/2025 Luisteren II openbaar examen audio- en videobestanden/Track 11_Intro.opus","atili/Dutch/DUO oefenexamens NT2/2025 Luisteren II/audio/2025 Luisteren II - 11 - Een gesprek met een zorggroepmanager - introductie.opus","1e4g1ju4088UaTbfr6eKxbSmWsDgI1LRT"
"1 exam media","atili/Dutch/oefenexamensnt2/2025 Luisteren II openbaar examen audio- en videobestanden/Track 29_intro.opus","atili/Dutch/DUO oefenexamens NT2/2025 Luisteren II/audio/2025 Luisteren II - 29 - Een interview met theaterdocent Marloes Heemskerk - introductie.opus","1u7DmSe4QTQsRbbCtOBSkXm1pS2kkqWrn"
"1 exam media","atili/Dutch/oefenexamensnt2/2025 Luisteren II openbaar examen audio- en videobestanden/Track 2_intro.opus","atili/Dutch/DUO oefenexamens NT2/2025 Luisteren II/audio/2025 Luisteren II - 02 - Een sollicitatiegesprek met een hbo-docent - introductie.opus","1yPrnlL_vvFY4x-h4ucOwd-KotHkxicxe"
"1 exam media","atili/Dutch/oefenexamensnt2/2025 Luisteren II openbaar examen audio- en videobestanden/Track 48_bron en disclaimer.opus","atili/Dutch/DUO oefenexamens NT2/2025 Luisteren II/audio/2025 Luisteren II - 48 - (Filmpje).opus","1w1VUyxMiFvjKvdxGqIKdEJo09jj_BN4G"
"1 exam media","atili/Dutch/oefenexamensnt2/2025 Luisteren II openbaar examen audio- en videobestanden/Track 36_instructie videodeel.opus","atili/Dutch/DUO oefenexamens NT2/2025 Luisteren II/audio/2025 Luisteren II - 36 - instructie videodeel.opus","1ekNyiEO6IMqPXFMTOc_IJB8IIJb8qmRk"
"1 exam media","atili/Dutch/oefenexamensnt2/2025 Luisteren II openbaar examen audio- en videobestanden/Track 39_instructie.opus","atili/Dutch/DUO oefenexamens NT2/2025 Luisteren II/audio/2025 Luisteren II - 39 - instructie.opus","1AVZ40mjYTSL-9fRoIYlxieVSbbA6tujj"
"1 exam media","atili/Dutch/oefenexamensnt2/2025 Luisteren II openbaar examen audio- en videobestanden/Track 30_opgave 25.opus","atili/Dutch/DUO oefenexamens NT2/2025 Luisteren II/audio/2025 Luisteren II - 30 - Een interview met theaterdocent Marloes Heemskerk - opgave 25.opus","1wmMhnryBZorTAOqBnCUrG07Ynxwdjh4N"
"1 exam media","atili/Dutch/oefenexamensnt2/2025 Luisteren II openbaar examen audio- en videobestanden/Track 31_opgave 26.opus","atili/Dutch/DUO oefenexamens NT2/2025 Luisteren II/audio/2025 Luisteren II - 31 - Een interview met theaterdocent Marloes Heemskerk - opgave 26.opus","1uFyilN8ot5TSmKPxWsF3S-Mw9ijny1rG"
"1 exam media","atili/Dutch/oefenexamensnt2/2025 Luisteren II openbaar examen audio- en videobestanden/Track 33_opgave 28.opus","atili/Dutch/DUO oefenexamens NT2/2025 Luisteren II/audio/2025 Luisteren II - 33 - Een interview met theaterdocent Marloes Heemskerk - opgave 28.opus","1IHywnKRhEJclikGY_s6UmvccA7yLMLUt"
"1 exam media","atili/Dutch/oefenexamensnt2/2025 Luisteren II openbaar examen audio- en videobestanden/Track 32_opgave 27.opus","atili/Dutch/DUO oefenexamens NT2/2025 Luisteren II/audio/2025 Luisteren II - 32 - Een interview met theaterdocent Marloes Heemskerk - opgave 27.opus","1mT1HC6hM2XIQkRITwSkR1gNYBNEbcGSQ"
"1 exam media","atili/Dutch/oefenexamensnt2/2025 Luisteren II openbaar examen audio- en videobestanden/Track 34_opgave 29.opus","atili/Dutch/DUO oefenexamens NT2/2025 Luisteren II/audio/2025 Luisteren II - 34 - Een interview met theaterdocent Marloes Heemskerk - opgave 29.opus","1lmOr6P2kC9u1Eldsa10f1Ash_MBkYlw2"
"1 exam media","atili/Dutch/oefenexamensnt2/2025 Luisteren II openbaar examen audio- en videobestanden/Track 35_opgave 30.opus","atili/Dutch/DUO oefenexamens NT2/2025 Luisteren II/audio/2025 Luisteren II - 35 - Een interview met theaterdocent Marloes Heemskerk - opgave 30.opus","1Seblad-7mVNs78v_Y2dcWSIK0B5J7Y3O"
"1 exam media","atili/Dutch/oefenexamensnt2/2025 Luisteren II openbaar examen audio- en videobestanden/Track 3_opgave 1.opus","atili/Dutch/DUO oefenexamens NT2/2025 Luisteren II/audio/2025 Luisteren II - 03 - Een sollicitatiegesprek met een hbo-docent - opgave 1.opus","1LaCSmgB1iapwNakSAt7MiVdGG-1p1KWU"
"1 exam media","atili/Dutch/oefenexamensnt2/2025 Luisteren II openbaar examen audio- en videobestanden/Track 4_opgave 2.opus","atili/Dutch/DUO oefenexamens NT2/2025 Luisteren II/audio/2025 Luisteren II - 04 - Een sollicitatiegesprek met een hbo-docent - opgave 2.opus","1Xtng6DDpdzliLCzsPMbUi8m6--qZ79Ka"
"1 exam media","atili/Dutch/oefenexamensnt2/2025 Luisteren II openbaar examen audio- en videobestanden/Track 5_opgave 3.opus","atili/Dutch/DUO oefenexamens NT2/2025 Luisteren II/audio/2025 Luisteren II - 05 - Een sollicitatiegesprek met een hbo-docent - opgave 3.opus","1t15vf3_CFo6CcQoRJA8cv7G23H4sY2BA"
"1 exam media","atili/Dutch/oefenexamensnt2/2025 Luisteren II openbaar examen audio- en videobestanden/Track 6_opgave 4.opus","atili/Dutch/DUO oefenexamens NT2/2025 Luisteren II/audio/2025 Luisteren II - 06 - Een sollicitatiegesprek met een hbo-docent - opgave 4.opus","1jIUrNyzKVgdTOmNLRH3ggh03KMbLoXG5"
"1 exam media","atili/Dutch/oefenexamensnt2/2025 Luisteren II openbaar examen audio- en videobestanden/Track 7_opgave 5.opus","atili/Dutch/DUO oefenexamens NT2/2025 Luisteren II/audio/2025 Luisteren II - 07 - Een sollicitatiegesprek met een hbo-docent - opgave 5.opus","1Nf4vTWluzrHSWoBCHnPWh8vs3q38MNV3"
"1 exam media","atili/Dutch/oefenexamensnt2/2025 Luisteren II openbaar examen audio- en videobestanden/Track 8_opgave 6.opus","atili/Dutch/DUO oefenexamens NT2/2025 Luisteren II/audio/2025 Luisteren II - 08 - Een sollicitatiegesprek met een hbo-docent - opgave 6.opus","1UG5uTHAun6dRx_eAhrQ4YLCzykVEtH7J"
"1 exam media","atili/Dutch/oefenexamensnt2/2025 Luisteren II openbaar examen audio- en videobestanden/Track 10_opgave 8.opus","atili/Dutch/DUO oefenexamens NT2/2025 Luisteren II/audio/2025 Luisteren II - 10 - Een sollicitatiegesprek met een hbo-docent - opgave 8.opus","1DmJywusUn2dPtHTqQLOoEP8D6cJifBJ_"
"1 exam media","atili/Dutch/oefenexamensnt2/2025 Luisteren II openbaar examen audio- en videobestanden/Track 9_opgave 7.opus","atili/Dutch/DUO oefenexamens NT2/2025 Luisteren II/audio/2025 Luisteren II - 09 - Een sollicitatiegesprek met een hbo-docent - opgave 7.opus","1xJcgiMVBZ2NACL_CUEmtiWPbdVikemEV"
"1 exam media","atili/Dutch/oefenexamensnt2/2025 Luisteren II openbaar examen audio- en videobestanden/Track 1_instructie.opus","atili/Dutch/DUO oefenexamens NT2/2025 Luisteren II/audio/2025 Luisteren II - 01 - instructie.opus","1qjelZI4COCmdyfDEPL300cvM-KqvMI5X"
"1 exam media","atili/Dutch/oefenexamensnt2/2025 Luisteren II openbaar examen audio- en videobestanden/Track 18_opgave 15.opus","atili/Dutch/DUO oefenexamens NT2/2025 Luisteren II/audio/2025 Luisteren II - 18 - Een gesprek met een zorggroepmanager - opgave 15.opus","1COcqQGB1lTcwqSJMSNTZfO3clJuO1wCe"
"1 exam media","atili/Dutch/oefenexamensnt2/2025 Luisteren II openbaar examen audio- en videobestanden/Track 12_opgave 9.opus","atili/Dutch/DUO oefenexamens NT2/2025 Luisteren II/audio/2025 Luisteren II - 12 - Een gesprek met een zorggroepmanager - opgave 9.opus","1pCjdcMxFPuvDxGgIhndqzuuzsJXgSlNz"
"1 exam media","atili/Dutch/oefenexamensnt2/2025 Luisteren II openbaar examen audio- en videobestanden/Track 13_opgave 10.opus","atili/Dutch/DUO oefenexamens NT2/2025 Luisteren II/audio/2025 Luisteren II - 13 - Een gesprek met een zorggroepmanager - opgave 10.opus","1m1mcwul76m9mFDtFYMT7QILpKSAJYUib"
"1 exam media","atili/Dutch/oefenexamensnt2/2025 Luisteren II openbaar examen audio- en videobestanden/Track 16_opgave 13.opus","atili/Dutch/DUO oefenexamens NT2/2025 Luisteren II/audio/2025 Luisteren II - 16 - Een gesprek met een zorggroepmanager - opgave 13.opus","1-xn4X9XU8XK01m0ifMnijmnByKiWiGOM"
"1 exam media","atili/Dutch/oefenexamensnt2/2025 Luisteren II openbaar examen audio- en videobestanden/Track 15_opgave 12.opus","atili/Dutch/DUO oefenexamens NT2/2025 Luisteren II/audio/2025 Luisteren II - 15 - Een gesprek met een zorggroepmanager - opgave 12.opus","1bp6QGlxbfVI49hpYV55Aii5cMuYp1po0"
"1 exam media","atili/Dutch/oefenexamensnt2/2025 Luisteren II openbaar examen audio- en videobestanden/Track 14_opgave 11.opus","atili/Dutch/DUO oefenexamens NT2/2025 Luisteren II/audio/2025 Luisteren II - 14 - Een gesprek met een zorggroepmanager - opgave 11.opus","1jlDRJ8wPKAjv8Srb8QL0e3Y6zvXoZ8pf"
"1 exam media","atili/Dutch/oefenexamensnt2/2025 Luisteren II openbaar examen audio- en videobestanden/Track 17_opgave 14.opus","atili/Dutch/DUO oefenexamens NT2/2025 Luisteren II/audio/2025 Luisteren II - 17 - Een gesprek met een zorggroepmanager - opgave 14.opus","1B007LLdPuhZXPbQXOsU3Udhu9OWRhN3c"
"1 exam media","atili/Dutch/oefenexamensnt2/2025 Luisteren II openbaar examen audio- en videobestanden/Track 38_intro 2.webm","atili/Dutch/DUO oefenexamens NT2/2025 Luisteren II/audio/2025 Luisteren II - 38 - (Filmpje) - introductie.webm","1VMUuyWa1k0FJxAguY95ae1oy-6Cni2RF"
"1 exam media","atili/Dutch/oefenexamensnt2/2025 Luisteren II openbaar examen audio- en videobestanden/Track 47_opgave 38.webm","atili/Dutch/DUO oefenexamens NT2/2025 Luisteren II/audio/2025 Luisteren II - 47 - (Filmpje) - opgave 38.webm","1GLQY8jdaLcYda1c8uD4hzkMHVwtGNrGk"
"1 exam media","atili/Dutch/oefenexamensnt2/2025 Luisteren II openbaar examen audio- en videobestanden/Track 45_opgave 36.webm","atili/Dutch/DUO oefenexamens NT2/2025 Luisteren II/audio/2025 Luisteren II - 45 - (Filmpje) - opgave 36.webm","1B6Z241ameM5yL2FjkkTnR2UL4ikiEgtX"
"1 exam media","atili/Dutch/oefenexamensnt2/2025 Luisteren II openbaar examen audio- en videobestanden/Track 46_opgave 37.webm","atili/Dutch/DUO oefenexamens NT2/2025 Luisteren II/audio/2025 Luisteren II - 46 - (Filmpje) - opgave 37.webm","1VvCGAMu7XQc2FXDIRmvgLPJryDH98nMp"
"1 exam media","atili/Dutch/oefenexamensnt2/2025 Luisteren II openbaar examen audio- en videobestanden/Track 44_opgave 35.webm","atili/Dutch/DUO oefenexamens NT2/2025 Luisteren II/audio/2025 Luisteren II - 44 - (Filmpje) - opgave 35.webm","1DXUmhqeV4mgU7EJPPrNykRFQJ21ehMuQ"
"1 exam media","atili/Dutch/oefenexamensnt2/2025 Luisteren II openbaar examen audio- en videobestanden/Track 43_opgave 34.webm","atili/Dutch/DUO oefenexamens NT2/2025 Luisteren II/audio/2025 Luisteren II - 43 - (Filmpje) - opgave 34.webm","1rvJhUrw5tEINa6qVkFJO8oSUCjWpW2pK"
"1 exam media","atili/Dutch/oefenexamensnt2/2025 Luisteren II openbaar examen audio- en videobestanden/Track 42_opgave 33.webm","atili/Dutch/DUO oefenexamens NT2/2025 Luisteren II/audio/2025 Luisteren II - 42 - (Filmpje) - opgave 33.webm","1ckqsBG3Ofn80wopCseOp06itLgEQPMi6"
"1 exam media","atili/Dutch/oefenexamensnt2/2025 Luisteren II openbaar examen audio- en videobestanden/Track 41_opgave 32.webm","atili/Dutch/DUO oefenexamens NT2/2025 Luisteren II/audio/2025 Luisteren II - 41 - (Filmpje) - opgave 32.webm","16fSqsdXZ1op3BzInmjIAlEyPxeruPOug"
"1 exam media","atili/Dutch/oefenexamensnt2/2025 Luisteren II openbaar examen audio- en videobestanden/Track 40_opgave 31.webm","atili/Dutch/DUO oefenexamens NT2/2025 Luisteren II/audio/2025 Luisteren II - 40 - (Filmpje) - opgave 31.webm","1o4z_EYa6KN-G8EIX9bPRHaUTmaLVrADJ"
"1 exam media","atili/Dutch/oefenexamensnt2/2025 Luisteren II openbaar examen audio- en videobestanden/Track 28_opgave 24.opus","atili/Dutch/DUO oefenexamens NT2/2025 Luisteren II/audio/2025 Luisteren II - 28 - Lezing sportrusten - opgave 24.opus","1UJnJeJCXtEVlHa5grH_CmIibG-1jT39U"
"1 exam media","atili/Dutch/oefenexamensnt2/2025 Luisteren II openbaar examen audio- en videobestanden/Track 26_opgave 22.opus","atili/Dutch/DUO oefenexamens NT2/2025 Luisteren II/audio/2025 Luisteren II - 26 - Lezing sportrusten - opgave 22.opus","1Y2IMoQs20EGuUdAJt4SF37uMYnzR_PgZ"
"1 exam media","atili/Dutch/oefenexamensnt2/2025 Luisteren II openbaar examen audio- en videobestanden/Track 25_opgave 21.opus","atili/Dutch/DUO oefenexamens NT2/2025 Luisteren II/audio/2025 Luisteren II - 25 - Lezing sportrusten - opgave 21.opus","1XajRj0gx4x3Q2kNL095q_DeGt8mua0k-"
"1 exam media","atili/Dutch/oefenexamensnt2/2025 Luisteren II openbaar examen audio- en videobestanden/Track 27_opgave 23.opus","atili/Dutch/DUO oefenexamens NT2/2025 Luisteren II/audio/2025 Luisteren II - 27 - Lezing sportrusten - opgave 23.opus","1hu_9Exa_VbEVBEa9ZhtL3k--zBEtVZh8"
"1 exam media","atili/Dutch/oefenexamensnt2/2025 Luisteren II openbaar examen audio- en videobestanden/Track 23_opgave 19.opus","atili/Dutch/DUO oefenexamens NT2/2025 Luisteren II/audio/2025 Luisteren II - 23 - Lezing sportrusten - opgave 19.opus","1h6NiVeQWuoxVlgt-yVdDWENe9Nn3O_nS"
"1 exam media","atili/Dutch/oefenexamensnt2/2025 Luisteren II openbaar examen audio- en videobestanden/Track 24_opgave 20.opus","atili/Dutch/DUO oefenexamens NT2/2025 Luisteren II/audio/2025 Luisteren II - 24 - Lezing sportrusten - opgave 20.opus","1-idEo3zGltmerGT5MVT7DTC-aNTUCki5"
"1 exam media","atili/Dutch/oefenexamensnt2/2025 Luisteren II openbaar examen audio- en videobestanden/Track 21_opgave 17.opus","atili/Dutch/DUO oefenexamens NT2/2025 Luisteren II/audio/2025 Luisteren II - 21 - Lezing sportrusten - opgave 17.opus","1-g_cq0qwlxnF2ZWn3BcDwtj2poPk6kDm"
"1 exam media","atili/Dutch/oefenexamensnt2/2025 Luisteren II openbaar examen audio- en videobestanden/Track 20_opgave 16.opus","atili/Dutch/DUO oefenexamens NT2/2025 Luisteren II/audio/2025 Luisteren II - 20 - Lezing sportrusten - opgave 16.opus","16wSZ37IexPanR1FagzPnEe7d0LjFCF_g"
"1 exam media","atili/Dutch/oefenexamensnt2/2025 Luisteren II openbaar examen audio- en videobestanden/Track 22_opgave 18.opus","atili/Dutch/DUO oefenexamens NT2/2025 Luisteren II/audio/2025 Luisteren II - 22 - Lezing sportrusten - opgave 18.opus","1kOKuwza3ccqOaHu9N9D5v8-gRKXJfZGM"
"1 exam media","atili/Dutch/oefenexamensnt2/2024 Luisteren I openbaar examen audio- en videobestanden/Track 41 opgave 31.mp4","atili/Dutch/DUO oefenexamens NT2/2024 Luisteren I/audio/2024 Luisteren I - 41 - Een interview met een beeldhouwer van houten beelden - opgave 31.mp4","1eK8ChAY9VKZVQjQVJLm66t3drEtudMND"
"1 exam media","atili/Dutch/oefenexamensnt2/2024 Luisteren I openbaar examen audio- en videobestanden/Track 48 opgave 38.mp4","atili/Dutch/DUO oefenexamens NT2/2024 Luisteren I/audio/2024 Luisteren I - 48 - Een interview met een beeldhouwer van houten beelden - opgave 38.mp4","1KVZ-3BoqUMIQwJtpdQjrFtRakpqVen1f"
"1 exam media","atili/Dutch/oefenexamensnt2/2024 Luisteren I openbaar examen audio- en videobestanden/Track 45 opgave 35.mp4","atili/Dutch/DUO oefenexamens NT2/2024 Luisteren I/audio/2024 Luisteren I - 45 - Een interview met een beeldhouwer van houten beelden - opgave 35.mp4","1rtOEhEKdOSD_FjXJ8DocHCqkDvw0Ssb_"
"1 exam media","atili/Dutch/oefenexamensnt2/2024 Luisteren I openbaar examen audio- en videobestanden/Track 44 opgave 34.mp4","atili/Dutch/DUO oefenexamens NT2/2024 Luisteren I/audio/2024 Luisteren I - 44 - Een interview met een beeldhouwer van houten beelden - opgave 34.mp4","1ky0nK-4SRVHTNl_RhzNCWAsZxdKmeO03"
"1 exam media","atili/Dutch/oefenexamensnt2/2024 Luisteren I openbaar examen audio- en videobestanden/Track 42 opgave 32.mp4","atili/Dutch/DUO oefenexamens NT2/2024 Luisteren I/audio/2024 Luisteren I - 42 - Een interview met een beeldhouwer van houten beelden - opgave 32.mp4","1BCSNfeeX18YJ9Ls_TSlBuMu-_3Jdycu7"
"1 exam media","atili/Dutch/oefenexamensnt2/2024 Luisteren I openbaar examen audio- en videobestanden/Track 46 opgave 36.mp4","atili/Dutch/DUO oefenexamens NT2/2024 Luisteren I/audio/2024 Luisteren I - 46 - Een interview met een beeldhouwer van houten beelden - opgave 36.mp4","1aSX38cxuGwV5YgB53VjSVDGT7DKk21rU"
"1 exam media","atili/Dutch/oefenexamensnt2/2024 Luisteren I openbaar examen audio- en videobestanden/Track 43 opgave 33.mp4","atili/Dutch/DUO oefenexamens NT2/2024 Luisteren I/audio/2024 Luisteren I - 43 - Een interview met een beeldhouwer van houten beelden - opgave 33.mp4","1iUKx-DNIFj2RWK_H0XiUDn8qWnEH0FDM"
"1 exam media","atili/Dutch/oefenexamensnt2/2024 Luisteren I openbaar examen audio- en videobestanden/Track 47 opgave 37.mp4","atili/Dutch/DUO oefenexamens NT2/2024 Luisteren I/audio/2024 Luisteren I - 47 - Een interview met een beeldhouwer van houten beelden - opgave 37.mp4","1Ri7ID6iqSbO8n3u7puhMeT8MBA0SQ50y"
"1 exam media","atili/Dutch/oefenexamensnt2/2024 Luisteren I openbaar examen audio- en videobestanden/Track 39 intro 2 Beeldhouwer houten beelden.mp4","atili/Dutch/DUO oefenexamens NT2/2024 Luisteren I/audio/2024 Luisteren I - 39 - Een interview met een beeldhouwer van houten beelden - introductie 2.mp4","1O5l9q3rjZOZZrwGiw-DVpCGNKkmPqYh5"
"1 exam media","atili/Dutch/oefenexamensnt2/2024 Luisteren I openbaar examen audio- en videobestanden/Track 1_instructie.mp3","atili/Dutch/DUO oefenexamens NT2/2024 Luisteren I/audio/2024 Luisteren I - 01 - instructie.mp3","1tRNgLEwSF9pD-sNfPCy6YE86BwWUkwlp"
"1 exam media","atili/Dutch/oefenexamensnt2/2024 Luisteren I openbaar examen audio- en videobestanden/Track 40_instructie.mp3","atili/Dutch/DUO oefenexamens NT2/2024 Luisteren I/audio/2024 Luisteren I - 40 - instructie.mp3","16NMb74ejiHiDbDm8E-oKZFi_SMkJt8tv"
"1 exam media","atili/Dutch/oefenexamensnt2/2024 Luisteren I openbaar examen audio- en videobestanden/Track 37_instructie videodeel.mp3","atili/Dutch/DUO oefenexamens NT2/2024 Luisteren I/audio/2024 Luisteren I - 37 - instructie videodeel.mp3","107628LCfOdcv8zVXiocTELWWpKddfeLG"
"1 exam media","atili/Dutch/oefenexamensnt2/2024 Luisteren I openbaar examen audio- en videobestanden/Track 49_bron en disclaimer.mp3","atili/Dutch/DUO oefenexamens NT2/2024 Luisteren I/audio/2024 Luisteren I - 49 - Een interview met een beeldhouwer van houten beelden.mp3","13g43D80cjBmFd46VcLGKKnUW9lEcHWEz"
"1 exam media","atili/Dutch/oefenexamensnt2/2024 Luisteren I openbaar examen audio- en videobestanden/Track 2 intro Hoofdconducteur NS.mp3","atili/Dutch/DUO oefenexamens NT2/2024 Luisteren I/audio/2024 Luisteren I - 02 - Een gesprek met een hoofdconducteur van de Nederlandse Spoorwegen - introductie.mp3","1hrKlUlZ2blqkMRCBKIW36b6uPZ8qRCPN"
"1 exam media","atili/Dutch/oefenexamensnt2/2024 Luisteren I openbaar examen audio- en videobestanden/Track 19 intro bakkerij stoepje.mp3","atili/Dutch/DUO oefenexamens NT2/2024 Luisteren I/audio/2024 Luisteren I - 19 - Een gesprek met een marktkoopman - introductie.mp3","12iga2Xe2T2vu8OzJ4ySpO1AadnFHbfLX"
"1 exam media","atili/Dutch/oefenexamensnt2/2024 Luisteren I openbaar examen audio- en videobestanden/Track 38 intro 1 Beeldhouwer houten beelden.mp3","atili/Dutch/DUO oefenexamens NT2/2024 Luisteren I/audio/2024 Luisteren I - 38 - Een interview met een beeldhouwer van houten beelden - introductie.mp3","1k0PiB2rHt1rycgz607JSpWS1RTINl24R"
"1 exam media","atili/Dutch/oefenexamensnt2/2024 Luisteren I openbaar examen audio- en videobestanden/Track 28 intro Huisartsassistent.mp3","atili/Dutch/DUO oefenexamens NT2/2024 Luisteren I/audio/2024 Luisteren I - 28 - Een gesprek met een huisartsassistent - introductie.mp3","1Z2X9YUHbwwz44aykkxcGlvjk8hD42Jxd"
"1 exam media","atili/Dutch/oefenexamensnt2/2024 Luisteren I openbaar examen audio- en videobestanden/Track 9 intro Mbo-opleiding gastvrouw.mp3","atili/Dutch/DUO oefenexamens NT2/2024 Luisteren I/audio/2024 Luisteren I - 09 - Een gesprek met een mbo-studente van de opleiding tot gastvrouw - introductie.mp3","1zklynr3zvcSDMvbtj7mkqpOVj3RJeaAp"
"1 exam media","atili/Dutch/oefenexamensnt2/2024 Luisteren I openbaar examen audio- en videobestanden/Track 49_bron en disclaimer.opus","atili/Dutch/DUO oefenexamens NT2/2024 Luisteren I/audio/2024 Luisteren I - 49 - Een interview met een beeldhouwer van houten beelden.opus","1QGjicz5ABh6iQ5kGbwYOHNVAzrhKiObC"
"1 exam media","atili/Dutch/oefenexamensnt2/2024 Luisteren I openbaar examen audio- en videobestanden/Track 37_instructie videodeel.opus","atili/Dutch/DUO oefenexamens NT2/2024 Luisteren I/audio/2024 Luisteren I - 37 - instructie videodeel.opus","16YYw23bXZBgyE9EmoICwmV3D7Irt9Cbx"
"1 exam media","atili/Dutch/oefenexamensnt2/2024 Luisteren I openbaar examen audio- en videobestanden/Track 40_instructie.opus","atili/Dutch/DUO oefenexamens NT2/2024 Luisteren I/audio/2024 Luisteren I - 40 - instructie.opus","1nQsqFvgkkW1Y1w14AZ9FAbdDyBJqFtbf"
"1 exam media","atili/Dutch/oefenexamensnt2/2024 Luisteren I openbaar examen audio- en videobestanden/Track 42 opgave 32.webm","atili/Dutch/DUO oefenexamens NT2/2024 Luisteren I/audio/2024 Luisteren I - 42 - Een interview met een beeldhouwer van houten beelden - opgave 32.webm","1LaVCn7MzFWuIQadxQZ2emlRNeye97_tH"
"1 exam media","atili/Dutch/oefenexamensnt2/2024 Luisteren I openbaar examen audio- en videobestanden/Track 41 opgave 31.webm","atili/Dutch/DUO oefenexamens NT2/2024 Luisteren I/audio/2024 Luisteren I - 41 - Een interview met een beeldhouwer van houten beelden - opgave 31.webm","1iw0o9rJNDXQAHiLM4GHJE9LOJlwCI6zT"
"1 exam media","atili/Dutch/oefenexamensnt2/2024 Luisteren I openbaar examen audio- en videobestanden/Track 39 intro 2 Beeldhouwer houten beelden.webm","atili/Dutch/DUO oefenexamens NT2/2024 Luisteren I/audio/2024 Luisteren I - 39 - Een interview met een beeldhouwer van houten beelden - introductie 2.webm","1P_ARoNrZaEef6JllDyALWrKlnLD05twO"
"1 exam media","atili/Dutch/oefenexamensnt2/2024 Luisteren I openbaar examen audio- en videobestanden/Track 43 opgave 33.webm","atili/Dutch/DUO oefenexamens NT2/2024 Luisteren I/audio/2024 Luisteren I - 43 - Een interview met een beeldhouwer van houten beelden - opgave 33.webm","1PmkbYj9EoMiWU8d-fm-r8RPjrQJq2EgB"
"1 exam media","atili/Dutch/oefenexamensnt2/2024 Luisteren I openbaar examen audio- en videobestanden/Track 44 opgave 34.webm","atili/Dutch/DUO oefenexamens NT2/2024 Luisteren I/audio/2024 Luisteren I - 44 - Een interview met een beeldhouwer van houten beelden - opgave 34.webm","1KgaxSOmzovi4zLt6p_CbpmtZkhXY4tkb"
"1 exam media","atili/Dutch/oefenexamensnt2/2024 Luisteren I openbaar examen audio- en videobestanden/Track 45 opgave 35.webm","atili/Dutch/DUO oefenexamens NT2/2024 Luisteren I/audio/2024 Luisteren I - 45 - Een interview met een beeldhouwer van houten beelden - opgave 35.webm","193Isd9ygat9hC2lFuHRmRD-W8P98ulnw"
"1 exam media","atili/Dutch/oefenexamensnt2/2024 Luisteren I openbaar examen audio- en videobestanden/Track 46 opgave 36.webm","atili/Dutch/DUO oefenexamens NT2/2024 Luisteren I/audio/2024 Luisteren I - 46 - Een interview met een beeldhouwer van houten beelden - opgave 36.webm","1rI0Byg9xsaVHDQN87glSrm1SnPy5RurO"
"1 exam media","atili/Dutch/oefenexamensnt2/2024 Luisteren I openbaar examen audio- en videobestanden/Track 47 opgave 37.webm","atili/Dutch/DUO oefenexamens NT2/2024 Luisteren I/audio/2024 Luisteren I - 47 - Een interview met een beeldhouwer van houten beelden - opgave 37.webm","1hKl_FJhRN1LvGaTaqekwXqMAqJzOEwG7"
"1 exam media","atili/Dutch/oefenexamensnt2/2024 Luisteren I openbaar examen audio- en videobestanden/Track 48 opgave 38.webm","atili/Dutch/DUO oefenexamens NT2/2024 Luisteren I/audio/2024 Luisteren I - 48 - Een interview met een beeldhouwer van houten beelden - opgave 38.webm","1PAgQm7kOSEro6AdixnCUK2KQTg8qsZwA"
"1 exam media","atili/Dutch/oefenexamensnt2/2024 Luisteren I openbaar examen audio- en videobestanden/Track 29 opgave 24.mp3","atili/Dutch/DUO oefenexamens NT2/2024 Luisteren I/audio/2024 Luisteren I - 29 - Een gesprek met een huisartsassistent - opgave 24.mp3","15gea-v8rH5GPQAfERD15SkP-vcjhqyP2"
"1 exam media","atili/Dutch/oefenexamensnt2/2024 Luisteren I openbaar examen audio- en videobestanden/Track 30 opgave 25.mp3","atili/Dutch/DUO oefenexamens NT2/2024 Luisteren I/audio/2024 Luisteren I - 30 - Een gesprek met een huisartsassistent - opgave 25.mp3","17YC1bCdSKlysyegs11J8R_65aS4ncKq-"
"1 exam media","atili/Dutch/oefenexamensnt2/2024 Luisteren I openbaar examen audio- en videobestanden/Track 31 opgave 26.mp3","atili/Dutch/DUO oefenexamens NT2/2024 Luisteren I/audio/2024 Luisteren I - 31 - Een gesprek met een huisartsassistent - opgave 26.mp3","1qkSEJmD5qvnjZWxsRe97UKeSx5O3hq7M"
"1 exam media","atili/Dutch/oefenexamensnt2/2024 Luisteren I openbaar examen audio- en videobestanden/Track 33 opgave 27.mp3","atili/Dutch/DUO oefenexamens NT2/2024 Luisteren I/audio/2024 Luisteren I - 33 - Een gesprek met een huisartsassistent - opgave 27.mp3","1VcfENn9uYRLdHHlS-5uci1mJJWJq6pqG"
"1 exam media","atili/Dutch/oefenexamensnt2/2024 Luisteren I openbaar examen audio- en videobestanden/Track 34 opgave 28.mp3","atili/Dutch/DUO oefenexamens NT2/2024 Luisteren I/audio/2024 Luisteren I - 34 - Een gesprek met een huisartsassistent - opgave 28.mp3","1UhcT2UjDG_4fZfb-9DWNH4NG3-mvVtHL"
"1 exam media","atili/Dutch/oefenexamensnt2/2024 Luisteren I openbaar examen audio- en videobestanden/Track 36 opgave 30.mp3","atili/Dutch/DUO oefenexamens NT2/2024 Luisteren I/audio/2024 Luisteren I - 36 - Een gesprek met een huisartsassistent - opgave 30.mp3","1Y74a2gJBwPCCB9-26EqA4IJvTGNZ5mDI"
"1 exam media","atili/Dutch/oefenexamensnt2/2024 Luisteren I openbaar examen audio- en videobestanden/Track 35 opgave 29.mp3","atili/Dutch/DUO oefenexamens NT2/2024 Luisteren I/audio/2024 Luisteren I - 35 - Een gesprek met een huisartsassistent - opgave 29.mp3","1Zpko58brI2pJdESRmzIWo71HTT3a8z-c"
"1 exam media","atili/Dutch/oefenexamensnt2/2024 Luisteren I openbaar examen audio- en videobestanden/Track 1_instructie.opus","atili/Dutch/DUO oefenexamens NT2/2024 Luisteren I/audio/2024 Luisteren I - 01 - instructie.opus","1ui_Je0WZGbI44prJPx-bL8-DkIQpld-J"
"1 exam media","atili/Dutch/oefenexamensnt2/2024 Luisteren I openbaar examen audio- en videobestanden/Track 7 opgave 5.mp3","atili/Dutch/DUO oefenexamens NT2/2024 Luisteren I/audio/2024 Luisteren I - 07 - Een gesprek met een hoofdconducteur van de Nederlandse Spoorwegen - opgave 5.mp3","1LC6Z_mVQMq9Id6sgMu3dc0XjH7I0ajuG"
"1 exam media","atili/Dutch/oefenexamensnt2/2024 Luisteren I openbaar examen audio- en videobestanden/Track 8 opgave 6.mp3","atili/Dutch/DUO oefenexamens NT2/2024 Luisteren I/audio/2024 Luisteren I - 08 - Een gesprek met een hoofdconducteur van de Nederlandse Spoorwegen - opgave 6.mp3","163U0whUgypdvaKOwfxE9Ae6g3_3-MeTH"
"1 exam media","atili/Dutch/oefenexamensnt2/2024 Luisteren I openbaar examen audio- en videobestanden/Track 4 opgave 2.mp3","atili/Dutch/DUO oefenexamens NT2/2024 Luisteren I/audio/2024 Luisteren I - 04 - Een gesprek met een hoofdconducteur van de Nederlandse Spoorwegen - opgave 2.mp3","1GUBpCWSLrbzTKzvbKhQhS9KnOkqgvPIN"
"1 exam media","atili/Dutch/oefenexamensnt2/2024 Luisteren I openbaar examen audio- en videobestanden/Track 6 opgave 4.mp3","atili/Dutch/DUO oefenexamens NT2/2024 Luisteren I/audio/2024 Luisteren I - 06 - Een gesprek met een hoofdconducteur van de Nederlandse Spoorwegen - opgave 4.mp3","1FKq2QL6DHcQYgGlu7b3R4kYa-y3mT0H4"
"1 exam media","atili/Dutch/oefenexamensnt2/2024 Luisteren I openbaar examen audio- en videobestanden/Track 5 opgave 3.mp3","atili/Dutch/DUO oefenexamens NT2/2024 Luisteren I/audio/2024 Luisteren I - 05 - Een gesprek met een hoofdconducteur van de Nederlandse Spoorwegen - opgave 3.mp3","1F_OQhT3K_OzoD7UeycG7E1q-U327bn2D"
"1 exam media","atili/Dutch/oefenexamensnt2/2024 Luisteren I openbaar examen audio- en videobestanden/Track 3 opgave 1.mp3","atili/Dutch/DUO oefenexamens NT2/2024 Luisteren I/audio/2024 Luisteren I - 03 - Een gesprek met een hoofdconducteur van de Nederlandse Spoorwegen - opgave 1.mp3","1whNdhFs_5HTEzR_-VDGDy4AtvPdf8w6C"
"1 exam media","atili/Dutch/oefenexamensnt2/2024 Luisteren I openbaar examen audio- en videobestanden/Track 10 opgave 7.mp3","atili/Dutch/DUO oefenexamens NT2/2024 Luisteren I/audio/2024 Luisteren I - 10 - Een gesprek met een mbo-studente van de opleiding tot gastvrouw - opgave 7.mp3","1Tlf_KXMoEiSHXHxjy95dm0TBop_aVGWv"
"1 exam media","atili/Dutch/oefenexamensnt2/2024 Luisteren I openbaar examen audio- en videobestanden/Track 11 opgave 8.mp3","atili/Dutch/DUO oefenexamens NT2/2024 Luisteren I/audio/2024 Luisteren I - 11 - Een gesprek met een mbo-studente van de opleiding tot gastvrouw - opgave 8.mp3","1qE1I4IfhL0cyvPr0XRlYGVmT8W5dzhS0"
"1 exam media","atili/Dutch/oefenexamensnt2/2024 Luisteren I openbaar examen audio- en videobestanden/Track 13 opgave 10.mp3","atili/Dutch/DUO oefenexamens NT2/2024 Luisteren I/audio/2024 Luisteren I - 13 - Een gesprek met een mbo-studente van de opleiding tot gastvrouw - opgave 10.mp3","1JDfZi2HXVjnRiqvSdUQFzmTS6PnckAhB"
"1 exam media","atili/Dutch/oefenexamensnt2/2024 Luisteren I openbaar examen audio- en videobestanden/Track 14 opgave 11.mp3","atili/Dutch/DUO oefenexamens NT2/2024 Luisteren I/audio/2024 Luisteren I - 14 - Een gesprek met een mbo-studente van de opleiding tot gastvrouw - opgave 11.mp3","1M2IvwO0_nHARYiTKVN7p7p0tuv3inkAL"
"1 exam media","atili/Dutch/oefenexamensnt2/2024 Luisteren I openbaar examen audio- en videobestanden/Track 16 opgave 13.mp3","atili/Dutch/DUO oefenexamens NT2/2024 Luisteren I/audio/2024 Luisteren I - 16 - Een gesprek met een mbo-studente van de opleiding tot gastvrouw - opgave 13.mp3","1Vgzr-DKZVh0sqHC2dvpV6a4JOk1m5s3S"
"1 exam media","atili/Dutch/oefenexamensnt2/2024 Luisteren I openbaar examen audio- en videobestanden/Track 12 opgave 9.mp3","atili/Dutch/DUO oefenexamens NT2/2024 Luisteren I/audio/2024 Luisteren I - 12 - Een gesprek met een mbo-studente van de opleiding tot gastvrouw - opgave 9.mp3","1ryKUwCum_JxuG2Gx7GGMIU_KAA6X4zwv"
"1 exam media","atili/Dutch/oefenexamensnt2/2024 Luisteren I openbaar examen audio- en videobestanden/Track 18  opgave 15.mp3","atili/Dutch/DUO oefenexamens NT2/2024 Luisteren I/audio/2024 Luisteren I - 18 - Een gesprek met een mbo-studente van de opleiding tot gastvrouw - opgave 15.mp3","13EpfTvCiv4o7gEL5zTm1iErouAVHz1ms"
"1 exam media","atili/Dutch/oefenexamensnt2/2024 Luisteren I openbaar examen audio- en videobestanden/Track 15 opgave 12.mp3","atili/Dutch/DUO oefenexamens NT2/2024 Luisteren I/audio/2024 Luisteren I - 15 - Een gesprek met een mbo-studente van de opleiding tot gastvrouw - opgave 12.mp3","1uYqoppFwo9IdrrQap39IRJyUPQnEfcMn"
"1 exam media","atili/Dutch/oefenexamensnt2/2024 Luisteren I openbaar examen audio- en videobestanden/Track 17 opgave 14.mp3","atili/Dutch/DUO oefenexamens NT2/2024 Luisteren I/audio/2024 Luisteren I - 17 - Een gesprek met een mbo-studente van de opleiding tot gastvrouw - opgave 14.mp3","16-_yw9gARfkJzssupTK-9ff1h8m8KSKp"
"1 exam media","atili/Dutch/oefenexamensnt2/2024 Luisteren I openbaar examen audio- en videobestanden/Track 20 opgave 16.mp3","atili/Dutch/DUO oefenexamens NT2/2024 Luisteren I/audio/2024 Luisteren I - 20 - Een gesprek met een marktkoopman - opgave 16.mp3","1xTmbExbKD5dPqLF-p3eq5WVAHd05X7UA"
"1 exam media","atili/Dutch/oefenexamensnt2/2024 Luisteren I openbaar examen audio- en videobestanden/Track 21 opgave 17.mp3","atili/Dutch/DUO oefenexamens NT2/2024 Luisteren I/audio/2024 Luisteren I - 21 - Een gesprek met een marktkoopman - opgave 17.mp3","1qkjbTccJKBc7-YeXWTCf36W86xqDBcwn"
"1 exam media","atili/Dutch/oefenexamensnt2/2024 Luisteren I openbaar examen audio- en videobestanden/Track 22 opgave 18.mp3","atili/Dutch/DUO oefenexamens NT2/2024 Luisteren I/audio/2024 Luisteren I - 22 - Een gesprek met een marktkoopman - opgave 18.mp3","1p1-NUloeAjGtyj9jI_zLvcoV8uDBrzKU"
"1 exam media","atili/Dutch/oefenexamensnt2/2024 Luisteren I openbaar examen audio- en videobestanden/Track 23 opgave 19.mp3","atili/Dutch/DUO oefenexamens NT2/2024 Luisteren I/audio/2024 Luisteren I - 23 - Een gesprek met een marktkoopman - opgave 19.mp3","1LNo4iwnO_nbjQNYQgcXmgQKPzhXU9O4t"
"1 exam media","atili/Dutch/oefenexamensnt2/2024 Luisteren I openbaar examen audio- en videobestanden/Track 24 opgave 20.mp3","atili/Dutch/DUO oefenexamens NT2/2024 Luisteren I/audio/2024 Luisteren I - 24 - Een gesprek met een marktkoopman - opgave 20.mp3","1GxAliCb2DgzGOXu1nn1y8WBGvQgXevMC"
"1 exam media","atili/Dutch/oefenexamensnt2/2024 Luisteren I openbaar examen audio- en videobestanden/Track 25 opgave 21.mp3","atili/Dutch/DUO oefenexamens NT2/2024 Luisteren I/audio/2024 Luisteren I - 25 - Een gesprek met een marktkoopman - opgave 21.mp3","1NNIW9ZEcgaVg-rxOzxcmDJo1XqRkdUUO"
"1 exam media","atili/Dutch/oefenexamensnt2/2024 Luisteren I openbaar examen audio- en videobestanden/Track 26 opgave 22.mp3","atili/Dutch/DUO oefenexamens NT2/2024 Luisteren I/audio/2024 Luisteren I - 26 - Een gesprek met een marktkoopman - opgave 22.mp3","1ZRPDuAmBHQwQHxJyqgHayG3LHpcZ291k"
"1 exam media","atili/Dutch/oefenexamensnt2/2024 Luisteren I openbaar examen audio- en videobestanden/Track 27 opgave 23.mp3","atili/Dutch/DUO oefenexamens NT2/2024 Luisteren I/audio/2024 Luisteren I - 27 - Een gesprek met een marktkoopman.mp3","1wRpIoatmFqed6xcpUujV_qHbWCuuy94m"
"1 exam media","atili/Dutch/oefenexamensnt2/2023 Luisteren II openbaar examen audio- en videobestanden/Track 40.mp4","atili/Dutch/DUO oefenexamens NT2/2023 Luisteren II/audio/2023 Luisteren II - 40 - Een video over het lerarentekort - opgave 33.mp4","1BzwnjpAGA9Gq3NsJ7Aqaku65dgiKeZI4"
"1 exam media","atili/Dutch/oefenexamensnt2/2023 Luisteren II openbaar examen audio- en videobestanden/Track 43.mp4","atili/Dutch/DUO oefenexamens NT2/2023 Luisteren II/audio/2023 Luisteren II - 43 - Een video over het lerarentekort - opgave 36.mp4","1GayHfGcKKTKMCs-hjrrKUqIPjmZwYy0w"
"1 exam media","atili/Dutch/oefenexamensnt2/2023 Luisteren II openbaar examen audio- en videobestanden/Track 48.mp4","atili/Dutch/DUO oefenexamens NT2/2023 Luisteren II/audio/2023 Luisteren II - 48 - Een video over een ondernemer van het bedrijf Yoghurt Barn - opgave 40.mp4","1nheag7RIYuw-WjzAJkWVj2JkKVpRqvyG"
"1 exam media","atili/Dutch/oefenexamensnt2/2023 Luisteren II openbaar examen audio- en videobestanden/Track 41.mp4","atili/Dutch/DUO oefenexamens NT2/2023 Luisteren II/audio/2023 Luisteren II - 41 - Een video over het lerarentekort - opgave 34.mp4","1owZ7O7bmdiOXFKX16h1rPbk9hIlHX5uI"
"1 exam media","atili/Dutch/oefenexamensnt2/2023 Luisteren II openbaar examen audio- en videobestanden/Track 45.mp4","atili/Dutch/DUO oefenexamens NT2/2023 Luisteren II/audio/2023 Luisteren II - 45 - Een video over een ondernemer van het bedrijf Yoghurt Barn - opgave 37.mp4","1dj-nWDUs96ibh0WAqChuSro6HnaTSdQg"
"1 exam media","atili/Dutch/oefenexamensnt2/2023 Luisteren II openbaar examen audio- en videobestanden/Track 46.mp4","atili/Dutch/DUO oefenexamens NT2/2023 Luisteren II/audio/2023 Luisteren II - 46 - Een video over een ondernemer van het bedrijf Yoghurt Barn - opgave 38.mp4","1lrXISoeBeh1GaV6i2sFFUnvhujQ-03-S"
"1 exam media","atili/Dutch/oefenexamensnt2/2023 Luisteren II openbaar examen audio- en videobestanden/Track 47.mp4","atili/Dutch/DUO oefenexamens NT2/2023 Luisteren II/audio/2023 Luisteren II - 47 - Een video over een ondernemer van het bedrijf Yoghurt Barn - opgave 39.mp4","1u-chu_nsE2HnYZsr_tjxKUAvuSnqcKRY"
"1 exam media","atili/Dutch/oefenexamensnt2/2023 Luisteren II openbaar examen audio- en videobestanden/Track 42.mp4","atili/Dutch/DUO oefenexamens NT2/2023 Luisteren II/audio/2023 Luisteren II - 42 - Een video over het lerarentekort - opgave 35.mp4","1YieyVDwjBB3LmHnnE30sDOcpQC77HJz2"
"1 exam media","atili/Dutch/oefenexamensnt2/2023 Luisteren II openbaar examen audio- en videobestanden/Track 19.mp3","atili/Dutch/DUO oefenexamens NT2/2023 Luisteren II/audio/2023 Luisteren II - 19 - Een gesprek met de directeur van De Helling in Arnhem - opgave 16.mp3","1_RjxGcTPMrwyJhee-SWvpk6N95V3_cfI"
"1 exam media","atili/Dutch/oefenexamensnt2/2023 Luisteren II openbaar examen audio- en videobestanden/Track 17.mp3","atili/Dutch/DUO oefenexamens NT2/2023 Luisteren II/audio/2023 Luisteren II - 17 - Een gesprek met de directeur van De Helling in Arnhem - opgave 14.mp3","1Zk-fzJ3SjNK-4G5k-a_PKjpawnhVTG4C"
"1 exam media","atili/Dutch/oefenexamensnt2/2023 Luisteren II openbaar examen audio- en videobestanden/Track 18.mp3","atili/Dutch/DUO oefenexamens NT2/2023 Luisteren II/audio/2023 Luisteren II - 18 - Een gesprek met de directeur van De Helling in Arnhem - opgave 15.mp3","1bhal-t7xs_SKP6iU-5I2d9GPXak4E_Lt"
"1 exam media","atili/Dutch/oefenexamensnt2/2023 Luisteren II openbaar examen audio- en videobestanden/Track 5.mp3","atili/Dutch/DUO oefenexamens NT2/2023 Luisteren II/audio/2023 Luisteren II - 05 - Een gesprek over het starten van een bedrijf - opgave 3.mp3","1pDfsxKEOXHlzEoszwWJv-83zo6glpwQX"
"1 exam media","atili/Dutch/oefenexamensnt2/2023 Luisteren II openbaar examen audio- en videobestanden/Track 44_intro.mp3","atili/Dutch/DUO oefenexamens NT2/2023 Luisteren II/audio/2023 Luisteren II - 44 - Een video over een ondernemer van het bedrijf Yoghurt Barn - introductie.mp3","1eK5WzC91dJpa7H6CaqJfnO9qfZtYoI94"
"1 exam media","atili/Dutch/oefenexamensnt2/2023 Luisteren II openbaar examen audio- en videobestanden/Track 21.mp3","atili/Dutch/DUO oefenexamens NT2/2023 Luisteren II/audio/2023 Luisteren II - 21 - Een gesprek met de directeur van De Helling in Arnhem - opgave 18.mp3","1GdXTPCPj10F7MjSpaVvUc7vDaNBdLa66"
"1 exam media","atili/Dutch/oefenexamensnt2/2023 Luisteren II openbaar examen audio- en videobestanden/Track 27.mp3","atili/Dutch/DUO oefenexamens NT2/2023 Luisteren II/audio/2023 Luisteren II - 27 - Een gesprek met een boswachter - opgave 23.mp3","1xAoRIm0SzwWLI6LhxC_pakV2gvyvsUvW"
"1 exam media","atili/Dutch/oefenexamensnt2/2023 Luisteren II openbaar examen audio- en videobestanden/Track 39_intro.mp3","atili/Dutch/DUO oefenexamens NT2/2023 Luisteren II/audio/2023 Luisteren II - 39 - Een video over het lerarentekort - introductie.mp3","1RWrjNLx1UacxQU76zzFwcBZjRWIqJNfd"
"1 exam media","atili/Dutch/oefenexamensnt2/2023 Luisteren II openbaar examen audio- en videobestanden/Track 12.mp3","atili/Dutch/DUO oefenexamens NT2/2023 Luisteren II/audio/2023 Luisteren II - 12 - Een gesprek over het starten van een bedrijf - opgave 10.mp3","11uBWYWU-L-vMwjFmfyOPCSNMbGZj90KH"
"1 exam media","atili/Dutch/oefenexamensnt2/2023 Luisteren II openbaar examen audio- en videobestanden/Track 14.mp3","atili/Dutch/DUO oefenexamens NT2/2023 Luisteren II/audio/2023 Luisteren II - 14 - Een gesprek met de directeur van De Helling in Arnhem - opgave 11.mp3","1GTV18JDYhaVYs6CUp1sCzBUs4DoAEEOe"
"1 exam media","atili/Dutch/oefenexamensnt2/2023 Luisteren II openbaar examen audio- en videobestanden/Track 28.mp3","atili/Dutch/DUO oefenexamens NT2/2023 Luisteren II/audio/2023 Luisteren II - 28 - Een gesprek met een boswachter - opgave 24.mp3","1MdbvW8r28mJGYoMNgzVBWvwasZkzrguo"
"1 exam media","atili/Dutch/oefenexamensnt2/2023 Luisteren II openbaar examen audio- en videobestanden/track 13_intro.mp3","atili/Dutch/DUO oefenexamens NT2/2023 Luisteren II/audio/2023 Luisteren II - 13 - Een gesprek met de directeur van De Helling in Arnhem - introductie.mp3","1Na6tnKZMRbDefyNHaqS8mqXyyz-puN7z"
"1 exam media","atili/Dutch/oefenexamensnt2/2023 Luisteren II openbaar examen audio- en videobestanden/Track 11.mp3","atili/Dutch/DUO oefenexamens NT2/2023 Luisteren II/audio/2023 Luisteren II - 11 - Een gesprek over het starten van een bedrijf - opgave 9.mp3","1WuvUVOQyVL017n8LPmqkL9cZZC9c5EyM"
"1 exam media","atili/Dutch/oefenexamensnt2/2023 Luisteren II openbaar examen audio- en videobestanden/Track 2_intro.mp3","atili/Dutch/DUO oefenexamens NT2/2023 Luisteren II/audio/2023 Luisteren II - 02 - Een gesprek over het starten van een bedrijf - introductie.mp3","1YVm3OBtnyUbdTGynn7iebhtSEOlHQGOg"
"1 exam media","atili/Dutch/oefenexamensnt2/2023 Luisteren II openbaar examen audio- en videobestanden/Track 22.mp3","atili/Dutch/DUO oefenexamens NT2/2023 Luisteren II/audio/2023 Luisteren II - 22 - Een gesprek met de directeur van De Helling in Arnhem - opgave 19.mp3","1y1l_rzy0MEW3G0S_1QltStnVwEJ0IFVe"
"1 exam media","atili/Dutch/oefenexamensnt2/2023 Luisteren II openbaar examen audio- en videobestanden/Track 36.mp3","atili/Dutch/DUO oefenexamens NT2/2023 Luisteren II/audio/2023 Luisteren II - 36 - Een gesprek tussen student en studieadviseur - opgave 31.mp3","1D6GhHAN1uesSmCQptz-7JfIr85SdVK-m"
"1 exam media","atili/Dutch/oefenexamensnt2/2023 Luisteren II openbaar examen audio- en videobestanden/Track 20.mp3","atili/Dutch/DUO oefenexamens NT2/2023 Luisteren II/audio/2023 Luisteren II - 20 - Een gesprek met de directeur van De Helling in Arnhem - opgave 17.mp3","1G_-Fer_mL2pRvFb2lzLUXHJmywHNPXpl"
"1 exam media","atili/Dutch/oefenexamensnt2/2023 Luisteren II openbaar examen audio- en videobestanden/Track 34.mp3","atili/Dutch/DUO oefenexamens NT2/2023 Luisteren II/audio/2023 Luisteren II - 34 - Een gesprek tussen student en studieadviseur - opgave 29.mp3","1gKM0dGW0WCXAW7YIrAOmW7X3WtEEwanm"
"1 exam media","atili/Dutch/oefenexamensnt2/2023 Luisteren II openbaar examen audio- en videobestanden/Track 33.mp3","atili/Dutch/DUO oefenexamens NT2/2023 Luisteren II/audio/2023 Luisteren II - 33 - Een gesprek tussen student en studieadviseur - opgave 28.mp3","1EfeP3E8RsC1LN5AjerPZA75TKvKN3vxL"
"1 exam media","atili/Dutch/oefenexamensnt2/2023 Luisteren II openbaar examen audio- en videobestanden/Track 6.mp3","atili/Dutch/DUO oefenexamens NT2/2023 Luisteren II/audio/2023 Luisteren II - 06 - Een gesprek over het starten van een bedrijf - opgave 4.mp3","15nYs8Kwk6qTbit4Lq8wa584_5eV9sW6w"
"1 exam media","atili/Dutch/oefenexamensnt2/2023 Luisteren II openbaar examen audio- en videobestanden/Track 38_instructie videodeel.mp3","atili/Dutch/DUO oefenexamens NT2/2023 Luisteren II/audio/2023 Luisteren II - 38 - instructie videodeel.mp3","1Nkl6K6MeFD7IWiX6G5Sd4sXMeO9Bhr3Z"
"1 exam media","atili/Dutch/oefenexamensnt2/2023 Luisteren II openbaar examen audio- en videobestanden/Track 16.mp3","atili/Dutch/DUO oefenexamens NT2/2023 Luisteren II/audio/2023 Luisteren II - 16 - Een gesprek met de directeur van De Helling in Arnhem - opgave 13.mp3","1hiN_QfwBBFIRoCVqi5MLIik_qQKNDjrE"
"1 exam media","atili/Dutch/oefenexamensnt2/2023 Luisteren II openbaar examen audio- en videobestanden/Track 10.mp3","atili/Dutch/DUO oefenexamens NT2/2023 Luisteren II/audio/2023 Luisteren II - 10 - Een gesprek over het starten van een bedrijf - opgave 8.mp3","1OjwCOJqnpNkxAPgDRmzpqn1OoWwCdxRn"
"1 exam media","atili/Dutch/oefenexamensnt2/2023 Luisteren II openbaar examen audio- en videobestanden/Track 24_intro.mp3","atili/Dutch/DUO oefenexamens NT2/2023 Luisteren II/audio/2023 Luisteren II - 24 - Een gesprek met een boswachter - introductie.mp3","1SmRHLgpGms6aSoW_kPEtbLy5waZikgFI"
"1 exam media","atili/Dutch/oefenexamensnt2/2023 Luisteren II openbaar examen audio- en videobestanden/Track 3.mp3","atili/Dutch/DUO oefenexamens NT2/2023 Luisteren II/audio/2023 Luisteren II - 03 - Een gesprek over het starten van een bedrijf - opgave 1.mp3","1rmYqy2aAlvM4gtlDbafGxknHJHQzSfP_"
"1 exam media","atili/Dutch/oefenexamensnt2/2023 Luisteren II openbaar examen audio- en videobestanden/Track 23.mp3","atili/Dutch/DUO oefenexamens NT2/2023 Luisteren II/audio/2023 Luisteren II - 23 - Een gesprek met de directeur van De Helling in Arnhem - opgave 20.mp3","1mYNqrVL6lrL13VXDzO49QCcukwjr3sKq"
"1 exam media","atili/Dutch/oefenexamensnt2/2023 Luisteren II openbaar examen audio- en videobestanden/Track 31_intro.mp3","atili/Dutch/DUO oefenexamens NT2/2023 Luisteren II/audio/2023 Luisteren II - 31 - Een gesprek tussen student en studieadviseur - introductie.mp3","1TikcSMfSvf9U_zUofr47--44611XH5i4"
"1 exam media","atili/Dutch/oefenexamensnt2/2023 Luisteren II openbaar examen audio- en videobestanden/Track 30.mp3","atili/Dutch/DUO oefenexamens NT2/2023 Luisteren II/audio/2023 Luisteren II - 30 - Een gesprek met een boswachter - opgave 26.mp3","1Jcazgnhwn-4y0Fz6vfmGnrn6DpUubwyk"
"1 exam media","atili/Dutch/oefenexamensnt2/2023 Luisteren II openbaar examen audio- en videobestanden/Track 35.mp3","atili/Dutch/DUO oefenexamens NT2/2023 Luisteren II/audio/2023 Luisteren II - 35 - Een gesprek tussen student en studieadviseur - opgave 30.mp3","17kAdSEhl-i3bLCG6gfIPcYvejuQBz4Zo"
"1 exam media","atili/Dutch/oefenexamensnt2/2023 Luisteren II openbaar examen audio- en videobestanden/Track 29.mp3","atili/Dutch/DUO oefenexamens NT2/2023 Luisteren II/audio/2023 Luisteren II - 29 - Een gesprek met een boswachter - opgave 25.mp3","1GtQZBBaVG4RUwjuS0onnwAHH5Bq5hdll"
"1 exam media","atili/Dutch/oefenexamensnt2/2023 Luisteren II openbaar examen audio- en videobestanden/Track 7.mp3","atili/Dutch/DUO oefenexamens NT2/2023 Luisteren II/audio/2023 Luisteren II - 07 - Een gesprek over het starten van een bedrijf - opgave 5.mp3","13luL22Z3JxKUX6Xij-mTibmHLex481xl"
"1 exam media","atili/Dutch/oefenexamensnt2/2023 Luisteren II openbaar examen audio- en videobestanden/Track 8.mp3","atili/Dutch/DUO oefenexamens NT2/2023 Luisteren II/audio/2023 Luisteren II - 08 - Een gesprek over het starten van een bedrijf - opgave 6.mp3","1MOzcKpnzUQLc9Z9DMyWj7hsmFXYZraVU"
"1 exam media","atili/Dutch/oefenexamensnt2/2023 Luisteren II openbaar examen audio- en videobestanden/Track 37.mp3","atili/Dutch/DUO oefenexamens NT2/2023 Luisteren II/audio/2023 Luisteren II - 37 - Een gesprek tussen student en studieadviseur - opgave 32.mp3","1WjESbmTROG_SX-IhS00B4Eoc6SrlpQDp"
"1 exam media","atili/Dutch/oefenexamensnt2/2023 Luisteren II openbaar examen audio- en videobestanden/Track 15.mp3","atili/Dutch/DUO oefenexamens NT2/2023 Luisteren II/audio/2023 Luisteren II - 15 - Een gesprek met de directeur van De Helling in Arnhem - opgave 12.mp3","1vDdPp0MG-GUB04zwp-zG2pS8QVKcfV0Y"
"1 exam media","atili/Dutch/oefenexamensnt2/2023 Luisteren II openbaar examen audio- en videobestanden/Track 26.mp3","atili/Dutch/DUO oefenexamens NT2/2023 Luisteren II/audio/2023 Luisteren II - 26 - Een gesprek met een boswachter - opgave 22.mp3","1Yq9BWnkk8alWHc52_4F7SNSzrpRZSyv8"
"1 exam media","atili/Dutch/oefenexamensnt2/2023 Luisteren II openbaar examen audio- en videobestanden/Track 49_bron en disclaimer.mp3","atili/Dutch/DUO oefenexamens NT2/2023 Luisteren II/audio/2023 Luisteren II - 49 - Een video over een ondernemer van het bedrijf Yoghurt Barn.mp3","16PEFWJvC8TNqF5lrYkwnrsvUcJHVdNxN"
"1 exam media","atili/Dutch/oefenexamensnt2/2023 Luisteren II openbaar examen audio- en videobestanden/Track 25.mp3","atili/Dutch/DUO oefenexamens NT2/2023 Luisteren II/audio/2023 Luisteren II - 25 - Een gesprek met een boswachter - opgave 21.mp3","1f-azLmejhvJxZrRRf2C9eR6jo0nrCsGy"
"1 exam media","atili/Dutch/oefenexamensnt2/2023 Luisteren II openbaar examen audio- en videobestanden/Track 32.mp3","atili/Dutch/DUO oefenexamens NT2/2023 Luisteren II/audio/2023 Luisteren II - 32 - Een gesprek tussen student en studieadviseur - opgave 27.mp3","1d3mGSBybh94fk-5U6_LJ25QfukqhJ35d"
"1 exam media","atili/Dutch/oefenexamensnt2/2023 Luisteren II openbaar examen audio- en videobestanden/Track 1_instructie.mp3","atili/Dutch/DUO oefenexamens NT2/2023 Luisteren II/audio/2023 Luisteren II - 01 - instructie.mp3","1_wQyZt5RS7ciwRb1FMBpDmBKrbbGCtDd"
"1 exam media","atili/Dutch/oefenexamensnt2/2023 Luisteren II openbaar examen audio- en videobestanden/Track 9.mp3","atili/Dutch/DUO oefenexamens NT2/2023 Luisteren II/audio/2023 Luisteren II - 09 - Een gesprek over het starten van een bedrijf - opgave 7.mp3","1zIpMW5JB_qtkq2NGluNFaepd1K2qR7Aw"
"1 exam media","atili/Dutch/oefenexamensnt2/2023 Luisteren II openbaar examen audio- en videobestanden/Track 4.mp3","atili/Dutch/DUO oefenexamens NT2/2023 Luisteren II/audio/2023 Luisteren II - 04 - Een gesprek over het starten van een bedrijf - opgave 2.mp3","1XDVbvKr0qgzqVPTR2CfJ42FGSrU_mA6T"
"1 exam media","atili/Dutch/oefenexamensnt2/2023 Luisteren II openbaar examen audio- en videobestanden/Track 24_intro.opus","atili/Dutch/DUO oefenexamens NT2/2023 Luisteren II/audio/2023 Luisteren II - 24 - Een gesprek met een boswachter - introductie.opus","10PsiHZ-alo_fitvUn8aA17CYU6hKgLld"
"1 exam media","atili/Dutch/oefenexamensnt2/2023 Luisteren II openbaar examen audio- en videobestanden/Track 2_intro.opus","atili/Dutch/DUO oefenexamens NT2/2023 Luisteren II/audio/2023 Luisteren II - 02 - Een gesprek over het starten van een bedrijf - introductie.opus","1S6DZn0pYHqw-2qUcCZ1XGqa3QqhdtJpv"
"1 exam media","atili/Dutch/oefenexamensnt2/2023 Luisteren II openbaar examen audio- en videobestanden/Track 31_intro.opus","atili/Dutch/DUO oefenexamens NT2/2023 Luisteren II/audio/2023 Luisteren II - 31 - Een gesprek tussen student en studieadviseur - introductie.opus","1QWhTb6NK9RuZgQtS7eqzqUH1W32WrI-T"
"1 exam media","atili/Dutch/oefenexamensnt2/2023 Luisteren II openbaar examen audio- en videobestanden/Track 44_intro.opus","atili/Dutch/DUO oefenexamens NT2/2023 Luisteren II/audio/2023 Luisteren II - 44 - Een video over een ondernemer van het bedrijf Yoghurt Barn - introductie.opus","1IkSvQAJhpITgmyxEpVj2bLzCNkU1l7lx"
"1 exam media","atili/Dutch/oefenexamensnt2/2023 Luisteren II openbaar examen audio- en videobestanden/Track 39_intro.opus","atili/Dutch/DUO oefenexamens NT2/2023 Luisteren II/audio/2023 Luisteren II - 39 - Een video over het lerarentekort - introductie.opus","1cr2MsQO-thJpE6I1XM8u3QN2Ev_dNM4-"
"1 exam media","atili/Dutch/oefenexamensnt2/2023 Luisteren II openbaar examen audio- en videobestanden/track 13_intro.opus","atili/Dutch/DUO oefenexamens NT2/2023 Luisteren II/audio/2023 Luisteren II - 13 - Een gesprek met de directeur van De Helling in Arnhem - introductie.opus","1c15EtVwc5iYiljfvhFOKfy4a1hZc3mGw"
"1 exam media","atili/Dutch/oefenexamensnt2/2023 Luisteren II openbaar examen audio- en videobestanden/Track 49_bron en disclaimer.opus","atili/Dutch/DUO oefenexamens NT2/2023 Luisteren II/audio/2023 Luisteren II - 49 - Een video over een ondernemer van het bedrijf Yoghurt Barn.opus","1IFHNomG8BMIyCCicpQjvxnnOhwF2Xx9t"
"1 exam media","atili/Dutch/oefenexamensnt2/2023 Luisteren II openbaar examen audio- en videobestanden/Track 38_instructie videodeel.opus","atili/Dutch/DUO oefenexamens NT2/2023 Luisteren II/audio/2023 Luisteren II - 38 - instructie videodeel.opus","10XoKpWy-Na7ATfR-I_pjhWSDhTqJ-raj"
"1 exam media","atili/Dutch/oefenexamensnt2/2023 Luisteren II openbaar examen audio- en videobestanden/Track 36.opus","atili/Dutch/DUO oefenexamens NT2/2023 Luisteren II/audio/2023 Luisteren II - 36 - Een gesprek tussen student en studieadviseur - opgave 31.opus","1YjYuVMhLcGySU4mG08l_QujiDiKf73Kq"
"1 exam media","atili/Dutch/oefenexamensnt2/2023 Luisteren II openbaar examen audio- en videobestanden/Track 1_instructie.opus","atili/Dutch/DUO oefenexamens NT2/2023 Luisteren II/audio/2023 Luisteren II - 01 - instructie.opus","14r5l99uBxMUIkeSYqy0DYbCibjFuWSxl"
"1 exam media","atili/Dutch/oefenexamensnt2/2023 Luisteren II openbaar examen audio- en videobestanden/Track 14.opus","atili/Dutch/DUO oefenexamens NT2/2023 Luisteren II/audio/2023 Luisteren II - 14 - Een gesprek met de directeur van De Helling in Arnhem - opgave 11.opus","1R6grNyafOy-efvPOeLx2gCGlqO9qk3NH"
"1 exam media","atili/Dutch/oefenexamensnt2/2023 Luisteren II openbaar examen audio- en videobestanden/Track 15.opus","atili/Dutch/DUO oefenexamens NT2/2023 Luisteren II/audio/2023 Luisteren II - 15 - Een gesprek met de directeur van De Helling in Arnhem - opgave 12.opus","1Own3ibPwHq9xTkhSoMKtTTXLB9YQJrI0"
"1 exam media","atili/Dutch/oefenexamensnt2/2023 Luisteren II openbaar examen audio- en videobestanden/Track 18.opus","atili/Dutch/DUO oefenexamens NT2/2023 Luisteren II/audio/2023 Luisteren II - 18 - Een gesprek met de directeur van De Helling in Arnhem - opgave 15.opus","1_641oQwOXYanTZUpe5GhYTn10KIflzA7"
"1 exam media","atili/Dutch/oefenexamensnt2/2023 Luisteren II openbaar examen audio- en videobestanden/Track 17.opus","atili/Dutch/DUO oefenexamens NT2/2023 Luisteren II/audio/2023 Luisteren II - 17 - Een gesprek met de directeur van De Helling in Arnhem - opgave 14.opus","1Zk3_3WdXV2dX6BOovOdNf8Cmolo_Q8uL"
"1 exam media","atili/Dutch/oefenexamensnt2/2023 Luisteren II openbaar examen audio- en videobestanden/Track 16.opus","atili/Dutch/DUO oefenexamens NT2/2023 Luisteren II/audio/2023 Luisteren II - 16 - Een gesprek met de directeur van De Helling in Arnhem - opgave 13.opus","1zHYUU6lH_59isZedhjxsZDgY1QskcoNR"
"1 exam media","atili/Dutch/oefenexamensnt2/2023 Luisteren II openbaar examen audio- en videobestanden/Track 19.opus","atili/Dutch/DUO oefenexamens NT2/2023 Luisteren II/audio/2023 Luisteren II - 19 - Een gesprek met de directeur van De Helling in Arnhem - opgave 16.opus","1MouCUNKSxhvoZ55qZyHzhh4PiEXIU9Xs"
"1 exam media","atili/Dutch/oefenexamensnt2/2023 Luisteren II openbaar examen audio- en videobestanden/Track 21.opus","atili/Dutch/DUO oefenexamens NT2/2023 Luisteren II/audio/2023 Luisteren II - 21 - Een gesprek met de directeur van De Helling in Arnhem - opgave 18.opus","1lG7AsQ66sk5CSEZtgI0SEjjD0RIGmzQf"
"1 exam media","atili/Dutch/oefenexamensnt2/2023 Luisteren II openbaar examen audio- en videobestanden/Track 20.opus","atili/Dutch/DUO oefenexamens NT2/2023 Luisteren II/audio/2023 Luisteren II - 20 - Een gesprek met de directeur van De Helling in Arnhem - opgave 17.opus","1D3dt4W3ZC3iHLkLFoxkrBMI66Zw3owqN"
"1 exam media","atili/Dutch/oefenexamensnt2/2023 Luisteren II openbaar examen audio- en videobestanden/Track 23.opus","atili/Dutch/DUO oefenexamens NT2/2023 Luisteren II/audio/2023 Luisteren II - 23 - Een gesprek met de directeur van De Helling in Arnhem - opgave 20.opus","1K_v9aLpP6anoEuW7oGCSH_0iLhwXh-FH"
"1 exam media","atili/Dutch/oefenexamensnt2/2023 Luisteren II openbaar examen audio- en videobestanden/Track 22.opus","atili/Dutch/DUO oefenexamens NT2/2023 Luisteren II/audio/2023 Luisteren II - 22 - Een gesprek met de directeur van De Helling in Arnhem - opgave 19.opus","1qOwt27ITbSaTeJSa6qwszdWSOZFA-eFy"
"1 exam media","atili/Dutch/oefenexamensnt2/2023 Luisteren II openbaar examen audio- en videobestanden/Track 37.opus","atili/Dutch/DUO oefenexamens NT2/2023 Luisteren II/audio/2023 Luisteren II - 37 - Een gesprek tussen student en studieadviseur - opgave 32.opus","1QKbJ9T_sJD2b5bS1pADA1GnKLBupYS4P"
"1 exam media","atili/Dutch/oefenexamensnt2/2023 Luisteren II openbaar examen audio- en videobestanden/Track 34.opus","atili/Dutch/DUO oefenexamens NT2/2023 Luisteren II/audio/2023 Luisteren II - 34 - Een gesprek tussen student en studieadviseur - opgave 29.opus","1GHAYMP7b9hDHoBXdtEvYcdOR6FgT1Ijr"
"1 exam media","atili/Dutch/oefenexamensnt2/2023 Luisteren II openbaar examen audio- en videobestanden/Track 35.opus","atili/Dutch/DUO oefenexamens NT2/2023 Luisteren II/audio/2023 Luisteren II - 35 - Een gesprek tussen student en studieadviseur - opgave 30.opus","1rlTJ5N4WR7C3GMZFwSGfTHs18dRokDYi"
"1 exam media","atili/Dutch/oefenexamensnt2/2023 Luisteren II openbaar examen audio- en videobestanden/Track 32.opus","atili/Dutch/DUO oefenexamens NT2/2023 Luisteren II/audio/2023 Luisteren II - 32 - Een gesprek tussen student en studieadviseur - opgave 27.opus","1mf3aZpavpySxptCoZovqt8fdIC3kHZ1H"
"1 exam media","atili/Dutch/oefenexamensnt2/2023 Luisteren II openbaar examen audio- en videobestanden/Track 33.opus","atili/Dutch/DUO oefenexamens NT2/2023 Luisteren II/audio/2023 Luisteren II - 33 - Een gesprek tussen student en studieadviseur - opgave 28.opus","1ATfo0MysL415n7wUeDKtMbWtb7I0PEAP"
"1 exam media","atili/Dutch/oefenexamensnt2/2023 Luisteren II openbaar examen audio- en videobestanden/Track 4.opus","atili/Dutch/DUO oefenexamens NT2/2023 Luisteren II/audio/2023 Luisteren II - 04 - Een gesprek over het starten van een bedrijf - opgave 2.opus","1UXPNy9GookIWSEUAC8hDooUo8zakbIeX"
"1 exam media","atili/Dutch/oefenexamensnt2/2023 Luisteren II openbaar examen audio- en videobestanden/Track 3.opus","atili/Dutch/DUO oefenexamens NT2/2023 Luisteren II/audio/2023 Luisteren II - 03 - Een gesprek over het starten van een bedrijf - opgave 1.opus","1wBRHVmiX4pRerQ1Y7rmq4dCvth3xRhwp"
"1 exam media","atili/Dutch/oefenexamensnt2/2023 Luisteren II openbaar examen audio- en videobestanden/Track 8.opus","atili/Dutch/DUO oefenexamens NT2/2023 Luisteren II/audio/2023 Luisteren II - 08 - Een gesprek over het starten van een bedrijf - opgave 6.opus","1dEli1dHmZgt1Et-W2JoG5JPPcYLF93u0"
"1 exam media","atili/Dutch/oefenexamensnt2/2023 Luisteren II openbaar examen audio- en videobestanden/Track 7.opus","atili/Dutch/DUO oefenexamens NT2/2023 Luisteren II/audio/2023 Luisteren II - 07 - Een gesprek over het starten van een bedrijf - opgave 5.opus","1FKyVxJVSiqQv-hqUzOLPW5u4eUekYKeD"
"1 exam media","atili/Dutch/oefenexamensnt2/2023 Luisteren II openbaar examen audio- en videobestanden/Track 6.opus","atili/Dutch/DUO oefenexamens NT2/2023 Luisteren II/audio/2023 Luisteren II - 06 - Een gesprek over het starten van een bedrijf - opgave 4.opus","1a-5QDSEflBNepY9rUqg9oYJjtRfAy494"
"1 exam media","atili/Dutch/oefenexamensnt2/2023 Luisteren II openbaar examen audio- en videobestanden/Track 10.opus","atili/Dutch/DUO oefenexamens NT2/2023 Luisteren II/audio/2023 Luisteren II - 10 - Een gesprek over het starten van een bedrijf - opgave 8.opus","1glCxdv4nVtIGIRnqG7s2H1hFhWey0NRi"
"1 exam media","atili/Dutch/oefenexamensnt2/2023 Luisteren II openbaar examen audio- en videobestanden/Track 12.opus","atili/Dutch/DUO oefenexamens NT2/2023 Luisteren II/audio/2023 Luisteren II - 12 - Een gesprek over het starten van een bedrijf - opgave 10.opus","1ApxrEukI0jSPD2QcWxwCrlTUuxcY0MT7"
"1 exam media","atili/Dutch/oefenexamensnt2/2023 Luisteren II openbaar examen audio- en videobestanden/Track 9.opus","atili/Dutch/DUO oefenexamens NT2/2023 Luisteren II/audio/2023 Luisteren II - 09 - Een gesprek over het starten van een bedrijf - opgave 7.opus","1X85zgQyonGqf4tYAvGxz3TN9XWr3fgmq"
"1 exam media","atili/Dutch/oefenexamensnt2/2023 Luisteren II openbaar examen audio- en videobestanden/Track 11.opus","atili/Dutch/DUO oefenexamens NT2/2023 Luisteren II/audio/2023 Luisteren II - 11 - Een gesprek over het starten van een bedrijf - opgave 9.opus","1RSHsNvs8lYQgCEUVDZ-tILSzd2isSM2P"
"1 exam media","atili/Dutch/oefenexamensnt2/2023 Luisteren II openbaar examen audio- en videobestanden/Track 5.opus","atili/Dutch/DUO oefenexamens NT2/2023 Luisteren II/audio/2023 Luisteren II - 05 - Een gesprek over het starten van een bedrijf - opgave 3.opus","1SG95UZLq2D3qXUWLvZf5P7wND3jDR48N"
"1 exam media","atili/Dutch/oefenexamensnt2/2023 Luisteren II openbaar examen audio- en videobestanden/Track 48.webm","atili/Dutch/DUO oefenexamens NT2/2023 Luisteren II/audio/2023 Luisteren II - 48 - Een video over een ondernemer van het bedrijf Yoghurt Barn - opgave 40.webm","1h2_s7ZjTT6mqvDMwTf2oe1aB7uzYE36I"
"1 exam media","atili/Dutch/oefenexamensnt2/2023 Luisteren II openbaar examen audio- en videobestanden/Track 45.webm","atili/Dutch/DUO oefenexamens NT2/2023 Luisteren II/audio/2023 Luisteren II - 45 - Een video over een ondernemer van het bedrijf Yoghurt Barn - opgave 37.webm","1-54X4ZVgdzRjPEWRsAcICXIKWcHw_SIZ"
"1 exam media","atili/Dutch/oefenexamensnt2/2023 Luisteren II openbaar examen audio- en videobestanden/Track 46.webm","atili/Dutch/DUO oefenexamens NT2/2023 Luisteren II/audio/2023 Luisteren II - 46 - Een video over een ondernemer van het bedrijf Yoghurt Barn - opgave 38.webm","11f3O7J9dF-rR1RwA1aLlHA6ILXgeQX_s"
"1 exam media","atili/Dutch/oefenexamensnt2/2023 Luisteren II openbaar examen audio- en videobestanden/Track 47.webm","atili/Dutch/DUO oefenexamens NT2/2023 Luisteren II/audio/2023 Luisteren II - 47 - Een video over een ondernemer van het bedrijf Yoghurt Barn - opgave 39.webm","1R4kuSXR1LLIxfZefDDG-w6Hng5FAvNKg"
"1 exam media","atili/Dutch/oefenexamensnt2/2023 Luisteren II openbaar examen audio- en videobestanden/Track 40.webm","atili/Dutch/DUO oefenexamens NT2/2023 Luisteren II/audio/2023 Luisteren II - 40 - Een video over het lerarentekort - opgave 33.webm","16LlRKXZblMkin_6KD4rkShkCn_B6kpNm"
"1 exam media","atili/Dutch/oefenexamensnt2/2023 Luisteren II openbaar examen audio- en videobestanden/Track 41.webm","atili/Dutch/DUO oefenexamens NT2/2023 Luisteren II/audio/2023 Luisteren II - 41 - Een video over het lerarentekort - opgave 34.webm","1qcwQXk8CZzY67ByQ9SaaB4_Z3kHEadXz"
"1 exam media","atili/Dutch/oefenexamensnt2/2023 Luisteren II openbaar examen audio- en videobestanden/Track 42.webm","atili/Dutch/DUO oefenexamens NT2/2023 Luisteren II/audio/2023 Luisteren II - 42 - Een video over het lerarentekort - opgave 35.webm","1yf5UA3AFtl_efYbIhySCXN1d3IwOFBpS"
"1 exam media","atili/Dutch/oefenexamensnt2/2023 Luisteren II openbaar examen audio- en videobestanden/Track 43.webm","atili/Dutch/DUO oefenexamens NT2/2023 Luisteren II/audio/2023 Luisteren II - 43 - Een video over het lerarentekort - opgave 36.webm","1zzSocK-4AGNXa5rR-AW75pTEcmM2AVQu"
"1 exam media","atili/Dutch/oefenexamensnt2/2023 Luisteren II openbaar examen audio- en videobestanden/Track 29.opus","atili/Dutch/DUO oefenexamens NT2/2023 Luisteren II/audio/2023 Luisteren II - 29 - Een gesprek met een boswachter - opgave 25.opus","1qnszeKfezE10p5dM88WSbAStrS-Me8WC"
"1 exam media","atili/Dutch/oefenexamensnt2/2023 Luisteren II openbaar examen audio- en videobestanden/Track 30.opus","atili/Dutch/DUO oefenexamens NT2/2023 Luisteren II/audio/2023 Luisteren II - 30 - Een gesprek met een boswachter - opgave 26.opus","1f4Fyu4bE-y-EXtJGxVeaP8X1nQqKA0H8"
"1 exam media","atili/Dutch/oefenexamensnt2/2023 Luisteren II openbaar examen audio- en videobestanden/Track 28.opus","atili/Dutch/DUO oefenexamens NT2/2023 Luisteren II/audio/2023 Luisteren II - 28 - Een gesprek met een boswachter - opgave 24.opus","1C_MZR4qgoKWPpCcmO8V2ycBo1kJFHTty"
"1 exam media","atili/Dutch/oefenexamensnt2/2023 Luisteren II openbaar examen audio- en videobestanden/Track 27.opus","atili/Dutch/DUO oefenexamens NT2/2023 Luisteren II/audio/2023 Luisteren II - 27 - Een gesprek met een boswachter - opgave 23.opus","1hcZ354W-fjyauV-n7H4L3p1Q2jGXIAPi"
"1 exam media","atili/Dutch/oefenexamensnt2/2023 Luisteren II openbaar examen audio- en videobestanden/Track 26.opus","atili/Dutch/DUO oefenexamens NT2/2023 Luisteren II/audio/2023 Luisteren II - 26 - Een gesprek met een boswachter - opgave 22.opus","12uAFiiTnPT31SMeokjYsTZD9_mnVH74v"
"1 exam media","atili/Dutch/oefenexamensnt2/2023 Luisteren II openbaar examen audio- en videobestanden/Track 25.opus","atili/Dutch/DUO oefenexamens NT2/2023 Luisteren II/audio/2023 Luisteren II - 25 - Een gesprek met een boswachter - opgave 21.opus","1vi_HYFK8Tug8nJ1m3704h9dubF-SyHcX"
"1 exam media","atili/Dutch/oefenexamensnt2/2025 Spreken I openbaar examen audiobestanden/Track 15_Opgave 13.mp3","atili/Dutch/DUO oefenexamens NT2/2025 Spreken I/audio/2025 Spreken I - 15 - opgave 13 - Kamers opruimen.mp3","1TvV1-QE_MXRrpZLYJqcejVZKlEEVautI"
"1 exam media","atili/Dutch/oefenexamensnt2/2025 Spreken I openbaar examen audiobestanden/Track 17_Opgave 15.mp3","atili/Dutch/DUO oefenexamens NT2/2025 Spreken I/audio/2025 Spreken I - 17 - opgave 15 - Student Landbouwschool.mp3","1r7B0Y0omU2UqeasqUwUVcjsDvHnd4b7J"
"1 exam media","atili/Dutch/oefenexamensnt2/2025 Spreken I openbaar examen audiobestanden/Track 10_deel 2 instructie.mp3","atili/Dutch/DUO oefenexamens NT2/2025 Spreken I/audio/2025 Spreken I - 10 - deel 2 instructie.mp3","1mJ2bp2jknpTBYSYDe5uNtwxvfusUaBkM"
"1 exam media","atili/Dutch/oefenexamensnt2/2025 Spreken I openbaar examen audiobestanden/Track 4_Opgave 3.mp3","atili/Dutch/DUO oefenexamens NT2/2025 Spreken I/audio/2025 Spreken I - 04 - opgave 3 - Een concert.mp3","1Qv_3JVe-gZ3W47ZmJcwMq8_JIbefU9JW"
"1 exam media","atili/Dutch/oefenexamensnt2/2025 Spreken I openbaar examen audiobestanden/Track 5_Opgave 4.mp3","atili/Dutch/DUO oefenexamens NT2/2025 Spreken I/audio/2025 Spreken I - 05 - opgave 4 - Sleutels kwijt.mp3","1psFLzDNyr6UQLwScWJc0a5GwkVBT2bNf"
"1 exam media","atili/Dutch/oefenexamensnt2/2025 Spreken I openbaar examen audiobestanden/Track 13_Opgave 11.mp3","atili/Dutch/DUO oefenexamens NT2/2025 Spreken I/audio/2025 Spreken I - 13 - opgave 11 - Opleiding Fotografie.mp3","1tOStBfsNzIsRW35b-9zajI-GCVQoHD3p"
"1 exam media","atili/Dutch/oefenexamensnt2/2025 Spreken I openbaar examen audiobestanden/Track 7_Opgave 6.mp3","atili/Dutch/DUO oefenexamens NT2/2025 Spreken I/audio/2025 Spreken I - 07 - opgave 6 - Te laat.mp3","1LhrU67lKGGAKGuIIQaeaATx3fZkCM7y2"
"1 exam media","atili/Dutch/oefenexamensnt2/2025 Spreken I openbaar examen audiobestanden/Track 14_Opgave 12.mp3","atili/Dutch/DUO oefenexamens NT2/2025 Spreken I/audio/2025 Spreken I - 14 - opgave 12 - Welke sport-.mp3","1FvY9aG_aVigc3UbsakqekYK3vhDZfkhn"
"1 exam media","atili/Dutch/oefenexamensnt2/2025 Spreken I openbaar examen audiobestanden/Track 9_Opgave 8.mp3","atili/Dutch/DUO oefenexamens NT2/2025 Spreken I/audio/2025 Spreken I - 09 - opgave 8 - Pakketjes.mp3","1x7IjBx5hz3LHBdpOFdBGs6pXF_pwUMUI"
"1 exam media","atili/Dutch/oefenexamensnt2/2025 Spreken I openbaar examen audiobestanden/Track 2_Opgave 1.mp3","atili/Dutch/DUO oefenexamens NT2/2025 Spreken I/audio/2025 Spreken I - 02 - opgave 1 - Helpen in de tuin.mp3","1V3dbfTTxoYZirdyBkpFoCLvlgn_p2RUd"
"1 exam media","atili/Dutch/oefenexamensnt2/2025 Spreken I openbaar examen audiobestanden/Track 8_Opgave 7.mp3","atili/Dutch/DUO oefenexamens NT2/2025 Spreken I/audio/2025 Spreken I - 08 - opgave 7 - Bibliotheek.mp3","151gaJ8w8z-vwGAsSDwgOlTDyG1mGOrXo"
"1 exam media","atili/Dutch/oefenexamensnt2/2025 Spreken I openbaar examen audiobestanden/Track 6_Opgave 5.mp3","atili/Dutch/DUO oefenexamens NT2/2025 Spreken I/audio/2025 Spreken I - 06 - opgave 5 - Zaterdag of zondag-.mp3","1B2vazfHPPnj4jNnCHacDZMV8V3-66Axm"
"1 exam media","atili/Dutch/oefenexamensnt2/2025 Spreken I openbaar examen audiobestanden/Track 11_Opgave 9.mp3","atili/Dutch/DUO oefenexamens NT2/2025 Spreken I/audio/2025 Spreken I - 11 - opgave 9 - Naar zee.mp3","1Ta79_VNOsOYcQChRDT6r-7CTpZZvt0jM"
"1 exam media","atili/Dutch/oefenexamensnt2/2025 Spreken I openbaar examen audiobestanden/Track 18_Opgave 16.mp3","atili/Dutch/DUO oefenexamens NT2/2025 Spreken I/audio/2025 Spreken I - 18 - opgave 16 - Lunchpauze.mp3","1RwqDRfKOH8tkf4Z6_d4lZ5nrrtgGZOdD"
"1 exam media","atili/Dutch/oefenexamensnt2/2025 Spreken I openbaar examen audiobestanden/Track 1_deel 1 instructie.mp3","atili/Dutch/DUO oefenexamens NT2/2025 Spreken I/audio/2025 Spreken I - 01 - deel 1 instructie.mp3","1EVd7oXx_iviqIpRh_Jh8FMeXGUISYecs"
"1 exam media","atili/Dutch/oefenexamensnt2/2025 Spreken I openbaar examen audiobestanden/Track 3_Opgave 2.mp3","atili/Dutch/DUO oefenexamens NT2/2025 Spreken I/audio/2025 Spreken I - 03 - opgave 2 - Nieuw rooster.mp3","1WslPayJ3JJ8eNNRZYeqArlrytHIl1QIi"
"1 exam media","atili/Dutch/oefenexamensnt2/2025 Spreken I openbaar examen audiobestanden/Track 12_Opgave 10.mp3","atili/Dutch/DUO oefenexamens NT2/2025 Spreken I/audio/2025 Spreken I - 12 - opgave 10 - Pizza’s bezorgen.mp3","1x9PQh56WQ-INHzuTz8VzctK4Qz1QgEzO"
"1 exam media","atili/Dutch/oefenexamensnt2/2025 Spreken I openbaar examen audiobestanden/Track 16_Opgave 14.mp3","atili/Dutch/DUO oefenexamens NT2/2025 Spreken I/audio/2025 Spreken I - 16 - opgave 14 - Kinderfeest.mp3","188D5VE4VGYo7QbytdKum09Pxl7PvbJS7"
"1 exam media","atili/Dutch/oefenexamensnt2/2023 Spreken I openbaar examen audiobestanden/Track 10_deel 2 instructie.mp3","atili/Dutch/DUO oefenexamens NT2/2023 Spreken I/audio/2023 Spreken I - 10 - deel 2 instructie.mp3","1jMNpASbbKwjxa7gjUy8agPKw1fmz-gV7"
"1 exam media","atili/Dutch/oefenexamensnt2/2023 Spreken I openbaar examen audiobestanden/Track 17.mp3","atili/Dutch/DUO oefenexamens NT2/2023 Spreken I/audio/2023 Spreken I - 17 - opgave 15 - Sollicitatie.mp3","1HeZjZYXPY-RAqR2Ix-mU9P_t8C5aKZ3W"
"1 exam media","atili/Dutch/oefenexamensnt2/2023 Spreken I openbaar examen audiobestanden/Track 18.mp3","atili/Dutch/DUO oefenexamens NT2/2023 Spreken I/audio/2023 Spreken I - 18 - opgave 16 - Meesters.mp3","1od0itiZhCZLqtBVhwDivBGW582Xa3RV6"
"1 exam media","atili/Dutch/oefenexamensnt2/2023 Spreken I openbaar examen audiobestanden/Track 13.mp3","atili/Dutch/DUO oefenexamens NT2/2023 Spreken I/audio/2023 Spreken I - 13 - opgave 11 - Kopiëren.mp3","1qmiPkCAOpuadw77WOZ4kRfxKG9GtlUHO"
"1 exam media","atili/Dutch/oefenexamensnt2/2023 Spreken I openbaar examen audiobestanden/Track 5.mp3","atili/Dutch/DUO oefenexamens NT2/2023 Spreken I/audio/2023 Spreken I - 05 - opgave 4 - Belegde broodjes.mp3","12vWu-SWvrE0nOCN-pHGjcwOBh80Olls0"
"1 exam media","atili/Dutch/oefenexamensnt2/2023 Spreken I openbaar examen audiobestanden/Track 14.mp3","atili/Dutch/DUO oefenexamens NT2/2023 Spreken I/audio/2023 Spreken I - 14 - opgave 12 - Bezoeker.mp3","10jGGDMNgv_NsLwy7kluPbNR5uI3NkqOu"
"1 exam media","atili/Dutch/oefenexamensnt2/2023 Spreken I openbaar examen audiobestanden/Track 11.mp3","atili/Dutch/DUO oefenexamens NT2/2023 Spreken I/audio/2023 Spreken I - 11 - opgave 9 - Introductiedag.mp3","1QY0f8iAyllQbFU-sN9yStlky51LeJIBh"
"1 exam media","atili/Dutch/oefenexamensnt2/2023 Spreken I openbaar examen audiobestanden/Track 16.mp3","atili/Dutch/DUO oefenexamens NT2/2023 Spreken I/audio/2023 Spreken I - 16 - opgave 14 - Voetbal of hardlopen.mp3","1t1l0RLzRV26jbwro8BycEt34XCdARgXV"
"1 exam media","atili/Dutch/oefenexamensnt2/2023 Spreken I openbaar examen audiobestanden/Track 1_deel 1 instructie.mp3","atili/Dutch/DUO oefenexamens NT2/2023 Spreken I/audio/2023 Spreken I - 01 - deel 1 instructie.mp3","1mZZ86kNPZu80kciMaJ_8AQPHWyPCfwoT"
"1 exam media","atili/Dutch/oefenexamensnt2/2023 Spreken I openbaar examen audiobestanden/Track 12.mp3","atili/Dutch/DUO oefenexamens NT2/2023 Spreken I/audio/2023 Spreken I - 12 - opgave 10 - Lang weekend weg.mp3","1cp3BlZYl7qoshvzijqr8ZlZIzKQn7toQ"
"1 exam media","atili/Dutch/oefenexamensnt2/2023 Spreken I openbaar examen audiobestanden/Track 3.mp3","atili/Dutch/DUO oefenexamens NT2/2023 Spreken I/audio/2023 Spreken I - 03 - opgave 2 - Persoon beschrijven.mp3","1yRZ6slSfXGd80_60NfYDJH57X0EwVT9w"
"1 exam media","atili/Dutch/oefenexamensnt2/2023 Spreken I openbaar examen audiobestanden/Track 6.mp3","atili/Dutch/DUO oefenexamens NT2/2023 Spreken I/audio/2023 Spreken I - 06 - opgave 5 - Opleiding volgen.mp3","1rK9Rmd1hjULIfZ1MvY8gmjFbPb27tUft"
"1 exam media","atili/Dutch/oefenexamensnt2/2023 Spreken I openbaar examen audiobestanden/Track 8.mp3","atili/Dutch/DUO oefenexamens NT2/2023 Spreken I/audio/2023 Spreken I - 08 - opgave 7 - Geen stage.mp3","1mnH14M32t8sG97sqFyKwmKPV8CVmbpEO"
"1 exam media","atili/Dutch/oefenexamensnt2/2023 Spreken I openbaar examen audiobestanden/Track 2.mp3","atili/Dutch/DUO oefenexamens NT2/2023 Spreken I/audio/2023 Spreken I - 02 - opgave 1 - Kappersopleiding.mp3","1YlIPy1lYH2fSQB3WePVYBV3rkcC9nWHb"
"1 exam media","atili/Dutch/oefenexamensnt2/2023 Spreken I openbaar examen audiobestanden/Track 7.mp3","atili/Dutch/DUO oefenexamens NT2/2023 Spreken I/audio/2023 Spreken I - 07 - opgave 6 - Voor de kat zorgen.mp3","1uLov1n_Mjmvu9rLJWwHZ5jl4hQVXSPpO"
"1 exam media","atili/Dutch/oefenexamensnt2/2023 Spreken I openbaar examen audiobestanden/Track 15.mp3","atili/Dutch/DUO oefenexamens NT2/2023 Spreken I/audio/2023 Spreken I - 15 - opgave 13 - Nieuwe studieruimte.mp3","1dwzQwc7-z-yYxUmr-bAJP8oejzn7TJTD"
"1 exam media","atili/Dutch/oefenexamensnt2/2023 Spreken I openbaar examen audiobestanden/Track 9.mp3","atili/Dutch/DUO oefenexamens NT2/2023 Spreken I/audio/2023 Spreken I - 09 - opgave 8 - Verdrietig.mp3","19nUkNAZigz7gRw6l43ee0v7l6rtv2_oJ"
"1 exam media","atili/Dutch/oefenexamensnt2/2023 Spreken I openbaar examen audiobestanden/Track 4.mp3","atili/Dutch/DUO oefenexamens NT2/2023 Spreken I/audio/2023 Spreken I - 04 - opgave 3 - Halve dagen werken.mp3","1lQK-Ay-RTU8hacPYjxRt8Y6-3Pcro3jn"
"1 exam media","atili/Dutch/oefenexamensnt2/2025 Spreken II openbaar examen audiobestanden/Track 16_Opgave 13.mp3","atili/Dutch/DUO oefenexamens NT2/2025 Spreken II/audio/2025 Spreken II - 16 - opgave 13 - Vrije tijd kinderen.mp3","1OStRcSNZk35A1HxdHeFZ-n5HOXjgqu2U"
"1 exam media","atili/Dutch/oefenexamensnt2/2025 Spreken II openbaar examen audiobestanden/Track 6_deel 2 instructie.mp3","atili/Dutch/DUO oefenexamens NT2/2025 Spreken II/audio/2025 Spreken II - 06 - deel 2 instructie.mp3","1XRhJA4KcK8uLqdZNpbWYNXgUElb_ekIv"
"1 exam media","atili/Dutch/oefenexamensnt2/2025 Spreken II openbaar examen audiobestanden/Track 5_Opgave 4.mp3","atili/Dutch/DUO oefenexamens NT2/2025 Spreken II/audio/2025 Spreken II - 05 - opgave 4 - Glasbak.mp3","1kIOQZ02TE6Ll9zukUWFFSPIKs2BxftAO"
"1 exam media","atili/Dutch/oefenexamensnt2/2025 Spreken II openbaar examen audiobestanden/Track 13_Opgave 11.mp3","atili/Dutch/DUO oefenexamens NT2/2025 Spreken II/audio/2025 Spreken II - 13 - opgave 11 - Straat afsluiten.mp3","1-JpnHgmLPTdbuzrPJ4XQVFkRgABoPisW"
"1 exam media","atili/Dutch/oefenexamensnt2/2025 Spreken II openbaar examen audiobestanden/Track 7_Opgave 5.mp3","atili/Dutch/DUO oefenexamens NT2/2025 Spreken II/audio/2025 Spreken II - 07 - opgave 5 - Mentorprogramma.mp3","1Py-KZUpBzQa87Y27SnPUbPcYLWGnZZX7"
"1 exam media","atili/Dutch/oefenexamensnt2/2025 Spreken II openbaar examen audiobestanden/Track 4_Opgave 3.mp3","atili/Dutch/DUO oefenexamens NT2/2025 Spreken II/audio/2025 Spreken II - 04 - opgave 3 - Teksten nakijken en verbeteren.mp3","1IcjYmvXC0UsVwvOEiec9Va38yxzDEXIH"
"1 exam media","atili/Dutch/oefenexamensnt2/2025 Spreken II openbaar examen audiobestanden/Track 8_Opgave 6.mp3","atili/Dutch/DUO oefenexamens NT2/2025 Spreken II/audio/2025 Spreken II - 08 - opgave 6 - Wachttijden.mp3","1YBIg2S2P-3tVNbsB9qxa3CeGum14OH1n"
"1 exam media","atili/Dutch/oefenexamensnt2/2025 Spreken II openbaar examen audiobestanden/Track 2_Opgave 1.mp3","atili/Dutch/DUO oefenexamens NT2/2025 Spreken II/audio/2025 Spreken II - 02 - opgave 1 - Nieuwe personeelsruimte.mp3","1jEanbu18nmso9bwe0Rk591zWvF-1t0p4"
"1 exam media","atili/Dutch/oefenexamensnt2/2025 Spreken II openbaar examen audiobestanden/Track 11_Opgave 9.mp3","atili/Dutch/DUO oefenexamens NT2/2025 Spreken II/audio/2025 Spreken II - 11 - opgave 9 - Brandveiligheid.mp3","1X69Qi0lBW7-Nc48xBahFOw3vBamf5WnT"
"1 exam media","atili/Dutch/oefenexamensnt2/2025 Spreken II openbaar examen audiobestanden/Track 10_Opgave 8.mp3","atili/Dutch/DUO oefenexamens NT2/2025 Spreken II/audio/2025 Spreken II - 10 - opgave 8 - Studiereis Kunstgeschiedenis.mp3","1CR36C8Qon2dPruOxEXZ77rE5ngseR_45"
"1 exam media","atili/Dutch/oefenexamensnt2/2025 Spreken II openbaar examen audiobestanden/Track 15_deel 3 instructie.mp3","atili/Dutch/DUO oefenexamens NT2/2025 Spreken II/audio/2025 Spreken II - 15 - deel 3 instructie.mp3","1jrXAm5PaY09QkwH1zlI9bEzox2fb0l2T"
"1 exam media","atili/Dutch/oefenexamensnt2/2025 Spreken II openbaar examen audiobestanden/Track 14_Opgave 12.mp3","atili/Dutch/DUO oefenexamens NT2/2025 Spreken II/audio/2025 Spreken II - 14 - opgave 12 - Tijd of geld-.mp3","1xw2-v04wUMeLnadeRGGnu_wCblnnYXkT"
"1 exam media","atili/Dutch/oefenexamensnt2/2025 Spreken II openbaar examen audiobestanden/Track 1_deel 1 instructie.mp3","atili/Dutch/DUO oefenexamens NT2/2025 Spreken II/audio/2025 Spreken II - 01 - deel 1 instructie.mp3","19DWmPEh16hc6NN2R0kgvdwPBEbZPq9gn"
"1 exam media","atili/Dutch/oefenexamensnt2/2025 Spreken II openbaar examen audiobestanden/Track 3_Opgave 2.mp3","atili/Dutch/DUO oefenexamens NT2/2025 Spreken II/audio/2025 Spreken II - 03 - opgave 2 - Oefening op werkplek.mp3","1FmWZ20MY9IngkcMy2Bv11mBKSW4Jv1K6"
"1 exam media","atili/Dutch/oefenexamensnt2/2025 Spreken II openbaar examen audiobestanden/Track 9_Opgave 7.mp3","atili/Dutch/DUO oefenexamens NT2/2025 Spreken II/audio/2025 Spreken II - 09 - opgave 7 - Pakket voor de buren.mp3","1p7vfUTPJueYKDylMVoY0poKCl6GCBtl7"
"1 exam media","atili/Dutch/oefenexamensnt2/2025 Spreken II openbaar examen audiobestanden/Track 12_Opgave 10.mp3","atili/Dutch/DUO oefenexamens NT2/2025 Spreken II/audio/2025 Spreken II - 12 - opgave 10 - Uitstapje.mp3","13xenRalP5Z8d0I1hjjeXqXF1fe1L_5QD"
"1 exam media","atili/Dutch/oefenexamensnt2/2025 Spreken I openbaar examen audiobestanden/Track 15_Opgave 13.opus","atili/Dutch/DUO oefenexamens NT2/2025 Spreken I/audio/2025 Spreken I - 15 - opgave 13 - Kamers opruimen.opus","1BMhhO7FUmTBPhfM7UGwqfUb7Vs-sOwW-"
"1 exam media","atili/Dutch/oefenexamensnt2/2025 Spreken I openbaar examen audiobestanden/Track 6_Opgave 5.opus","atili/Dutch/DUO oefenexamens NT2/2025 Spreken I/audio/2025 Spreken I - 06 - opgave 5 - Zaterdag of zondag-.opus","1JAvIy2aYi8k5cD6lo0mdi6lPfzC2fSy1"
"1 exam media","atili/Dutch/oefenexamensnt2/2025 Spreken I openbaar examen audiobestanden/Track 14_Opgave 12.opus","atili/Dutch/DUO oefenexamens NT2/2025 Spreken I/audio/2025 Spreken I - 14 - opgave 12 - Welke sport-.opus","1k7adKHYIlVLVQ1vxokQSHG5Zydz1_En2"
"1 exam media","atili/Dutch/oefenexamensnt2/2025 Spreken I openbaar examen audiobestanden/Track 2_Opgave 1.opus","atili/Dutch/DUO oefenexamens NT2/2025 Spreken I/audio/2025 Spreken I - 02 - opgave 1 - Helpen in de tuin.opus","1dqx7hWUTkDMNosMM5fcKHCESOvJWtyaj"
"1 exam media","atili/Dutch/oefenexamensnt2/2025 Spreken I openbaar examen audiobestanden/Track 13_Opgave 11.opus","atili/Dutch/DUO oefenexamens NT2/2025 Spreken I/audio/2025 Spreken I - 13 - opgave 11 - Opleiding Fotografie.opus","1Q_Cxz-P8y5dvU3hoArD5HkqY9IU_Tu2W"
"1 exam media","atili/Dutch/oefenexamensnt2/2025 Spreken I openbaar examen audiobestanden/Track 7_Opgave 6.opus","atili/Dutch/DUO oefenexamens NT2/2025 Spreken I/audio/2025 Spreken I - 07 - opgave 6 - Te laat.opus","1fcC6gcGXgqewK5deDAL-64AU2Pu0R4yL"
"1 exam media","atili/Dutch/oefenexamensnt2/2025 Spreken I openbaar examen audiobestanden/Track 8_Opgave 7.opus","atili/Dutch/DUO oefenexamens NT2/2025 Spreken I/audio/2025 Spreken I - 08 - opgave 7 - Bibliotheek.opus","1Z81THZiTx3362hhoZw0B60MnlBUgqCx8"
"1 exam media","atili/Dutch/oefenexamensnt2/2025 Spreken I openbaar examen audiobestanden/Track 3_Opgave 2.opus","atili/Dutch/DUO oefenexamens NT2/2025 Spreken I/audio/2025 Spreken I - 03 - opgave 2 - Nieuw rooster.opus","1Kk3Z08Z8BTjZKORiOlvCwXSdRSjGMyy2"
"1 exam media","atili/Dutch/oefenexamensnt2/2025 Spreken I openbaar examen audiobestanden/Track 5_Opgave 4.opus","atili/Dutch/DUO oefenexamens NT2/2025 Spreken I/audio/2025 Spreken I - 05 - opgave 4 - Sleutels kwijt.opus","1JW5mutLVM-JtxR44g9TNaJdP_GQYZQEV"
"1 exam media","atili/Dutch/oefenexamensnt2/2025 Spreken I openbaar examen audiobestanden/Track 4_Opgave 3.opus","atili/Dutch/DUO oefenexamens NT2/2025 Spreken I/audio/2025 Spreken I - 04 - opgave 3 - Een concert.opus","12iqOZ-BPDTqOzZlcMmXhAd5-f8fzcbbs"
"1 exam media","atili/Dutch/oefenexamensnt2/2025 Spreken I openbaar examen audiobestanden/Track 16_Opgave 14.opus","atili/Dutch/DUO oefenexamens NT2/2025 Spreken I/audio/2025 Spreken I - 16 - opgave 14 - Kinderfeest.opus","1P9hTExf8VzUS9a5oxPpKli9upvmhvyJo"
"1 exam media","atili/Dutch/oefenexamensnt2/2025 Spreken I openbaar examen audiobestanden/Track 9_Opgave 8.opus","atili/Dutch/DUO oefenexamens NT2/2025 Spreken I/audio/2025 Spreken I - 09 - opgave 8 - Pakketjes.opus","1rOY1Txjf52RYtOPGZTVeSuSZSoepBHiO"
"1 exam media","atili/Dutch/oefenexamensnt2/2025 Spreken I openbaar examen audiobestanden/Track 17_Opgave 15.opus","atili/Dutch/DUO oefenexamens NT2/2025 Spreken I/audio/2025 Spreken I - 17 - opgave 15 - Student Landbouwschool.opus","1aM5sHPbSPZGAR4arxqwY4X2BNkssbpwE"
"1 exam media","atili/Dutch/oefenexamensnt2/2025 Spreken I openbaar examen audiobestanden/Track 11_Opgave 9.opus","atili/Dutch/DUO oefenexamens NT2/2025 Spreken I/audio/2025 Spreken I - 11 - opgave 9 - Naar zee.opus","1Q8gbqEOLMZLAjb016aTWW5Acvxysu4GL"
"1 exam media","atili/Dutch/oefenexamensnt2/2025 Spreken I openbaar examen audiobestanden/Track 18_Opgave 16.opus","atili/Dutch/DUO oefenexamens NT2/2025 Spreken I/audio/2025 Spreken I - 18 - opgave 16 - Lunchpauze.opus","1wztxYzH1F0rzfyZ00l5r9yrnZvMIamW3"
"1 exam media","atili/Dutch/oefenexamensnt2/2025 Spreken I openbaar examen audiobestanden/Track 12_Opgave 10.opus","atili/Dutch/DUO oefenexamens NT2/2025 Spreken I/audio/2025 Spreken I - 12 - opgave 10 - Pizza’s bezorgen.opus","1VWk6FU6RMlLPS1JPprvw7QKW3CnfEXfc"
"1 exam media","atili/Dutch/oefenexamensnt2/2025 Spreken I openbaar examen audiobestanden/Track 10_deel 2 instructie.opus","atili/Dutch/DUO oefenexamens NT2/2025 Spreken I/audio/2025 Spreken I - 10 - deel 2 instructie.opus","1dQEWB9kjDqgsFHt8vZcE5tjceIo9_sVY"
"1 exam media","atili/Dutch/oefenexamensnt2/2025 Spreken I openbaar examen audiobestanden/Track 1_deel 1 instructie.opus","atili/Dutch/DUO oefenexamens NT2/2025 Spreken I/audio/2025 Spreken I - 01 - deel 1 instructie.opus","1IpnvVZ2PD2vgdHgdY6OWY-Tda3RD92hC"
"1 exam media","atili/Dutch/oefenexamensnt2/2025 Spreken II openbaar examen audiobestanden/Track 14_Opgave 12.opus","atili/Dutch/DUO oefenexamens NT2/2025 Spreken II/audio/2025 Spreken II - 14 - opgave 12 - Tijd of geld-.opus","1RkVIxlGpgP7DmlHv15bYA0qRLNyS8ZnC"
"1 exam media","atili/Dutch/oefenexamensnt2/2025 Spreken II openbaar examen audiobestanden/Track 13_Opgave 11.opus","atili/Dutch/DUO oefenexamens NT2/2025 Spreken II/audio/2025 Spreken II - 13 - opgave 11 - Straat afsluiten.opus","1pOI3ZUeyn80NaBT6OFuCAwfrUZlkVzzx"
"1 exam media","atili/Dutch/oefenexamensnt2/2025 Spreken II openbaar examen audiobestanden/Track 12_Opgave 10.opus","atili/Dutch/DUO oefenexamens NT2/2025 Spreken II/audio/2025 Spreken II - 12 - opgave 10 - Uitstapje.opus","1tdw-1wUrAtn6BglY-3bLy6frDDtZXyXM"
"1 exam media","atili/Dutch/oefenexamensnt2/2025 Spreken II openbaar examen audiobestanden/Track 11_Opgave 9.opus","atili/Dutch/DUO oefenexamens NT2/2025 Spreken II/audio/2025 Spreken II - 11 - opgave 9 - Brandveiligheid.opus","1Mjb5s4nPhuWM-jh_qC72ZrGApOkQ2LUI"
"1 exam media","atili/Dutch/oefenexamensnt2/2025 Spreken II openbaar examen audiobestanden/Track 10_Opgave 8.opus","atili/Dutch/DUO oefenexamens NT2/2025 Spreken II/audio/2025 Spreken II - 10 - opgave 8 - Studiereis Kunstgeschiedenis.opus","1-ikIU3FHpVqDSnyr9PGvmB7Jqayx05CP"
"1 exam media","atili/Dutch/oefenexamensnt2/2025 Spreken II openbaar examen audiobestanden/Track 9_Opgave 7.opus","atili/Dutch/DUO oefenexamens NT2/2025 Spreken II/audio/2025 Spreken II - 09 - opgave 7 - Pakket voor de buren.opus","1uFrjAhr8O0R72FY9rbGBBrffkzGMQTUA"
"1 exam media","atili/Dutch/oefenexamensnt2/2025 Spreken II openbaar examen audiobestanden/Track 8_Opgave 6.opus","atili/Dutch/DUO oefenexamens NT2/2025 Spreken II/audio/2025 Spreken II - 08 - opgave 6 - Wachttijden.opus","1NDhPNjrkg0LzutACZ80yt7qTNXeAivPs"
"1 exam media","atili/Dutch/oefenexamensnt2/2025 Spreken II openbaar examen audiobestanden/Track 7_Opgave 5.opus","atili/Dutch/DUO oefenexamens NT2/2025 Spreken II/audio/2025 Spreken II - 07 - opgave 5 - Mentorprogramma.opus","1wE-4o4e3SwSRtyU7-TN9mp0aCfHOeDPD"
"1 exam media","atili/Dutch/oefenexamensnt2/2025 Spreken II openbaar examen audiobestanden/Track 15_deel 3 instructie.opus","atili/Dutch/DUO oefenexamens NT2/2025 Spreken II/audio/2025 Spreken II - 15 - deel 3 instructie.opus","1kkvslRbmA4Q9-JTg-4FvwN8_e2nQE0YE"
"1 exam media","atili/Dutch/oefenexamensnt2/2025 Spreken II openbaar examen audiobestanden/Track 6_deel 2 instructie.opus","atili/Dutch/DUO oefenexamens NT2/2025 Spreken II/audio/2025 Spreken II - 06 - deel 2 instructie.opus","1U5uVhTQZ5op3qWVkZ6vzdKv87EJsNuJ7"
"1 exam media","atili/Dutch/oefenexamensnt2/2025 Spreken II openbaar examen audiobestanden/Track 5_Opgave 4.opus","atili/Dutch/DUO oefenexamens NT2/2025 Spreken II/audio/2025 Spreken II - 05 - opgave 4 - Glasbak.opus","1Qd0JKYNO_Q3QsqjTpPpD7czS5Pr20IVe"
"1 exam media","atili/Dutch/oefenexamensnt2/2025 Spreken II openbaar examen audiobestanden/Track 4_Opgave 3.opus","atili/Dutch/DUO oefenexamens NT2/2025 Spreken II/audio/2025 Spreken II - 04 - opgave 3 - Teksten nakijken en verbeteren.opus","1oCw8Cid4rhOi05SdmDp9_8EpU25bBEI3"
"1 exam media","atili/Dutch/oefenexamensnt2/2025 Spreken II openbaar examen audiobestanden/Track 3_Opgave 2.opus","atili/Dutch/DUO oefenexamens NT2/2025 Spreken II/audio/2025 Spreken II - 03 - opgave 2 - Oefening op werkplek.opus","120ha0lWihaNerV6y8k_wncZIfsYK-My_"
"1 exam media","atili/Dutch/oefenexamensnt2/2025 Spreken II openbaar examen audiobestanden/Track 2_Opgave 1.opus","atili/Dutch/DUO oefenexamens NT2/2025 Spreken II/audio/2025 Spreken II - 02 - opgave 1 - Nieuwe personeelsruimte.opus","1BSqLP7mrDcKVJWB_EpVdHrOnJDdL0oll"
"1 exam media","atili/Dutch/oefenexamensnt2/2025 Spreken II openbaar examen audiobestanden/Track 1_deel 1 instructie.opus","atili/Dutch/DUO oefenexamens NT2/2025 Spreken II/audio/2025 Spreken II - 01 - deel 1 instructie.opus","13KC1-Db8UnrsHI91xeokVQGd4XDMGLs0"
"1 exam media","atili/Dutch/oefenexamensnt2/2025 Spreken II openbaar examen audiobestanden/Track 16_Opgave 13.opus","atili/Dutch/DUO oefenexamens NT2/2025 Spreken II/audio/2025 Spreken II - 16 - opgave 13 - Vrije tijd kinderen.opus","1vmDRnWp3aQnvljFPCnye38lea9W5fcVj"
"1 exam media","atili/Dutch/oefenexamensnt2/2023 Spreken I openbaar examen audiobestanden/Track 8.opus","atili/Dutch/DUO oefenexamens NT2/2023 Spreken I/audio/2023 Spreken I - 08 - opgave 7 - Geen stage.opus","1AfA-m3w2jhKsMApxqD6VevUTkWPvVzDp"
"1 exam media","atili/Dutch/oefenexamensnt2/2023 Spreken I openbaar examen audiobestanden/Track 3.opus","atili/Dutch/DUO oefenexamens NT2/2023 Spreken I/audio/2023 Spreken I - 03 - opgave 2 - Persoon beschrijven.opus","16Ovt41GZMe1tz-68jvHu2m8a8x2lxyj5"
"1 exam media","atili/Dutch/oefenexamensnt2/2023 Spreken I openbaar examen audiobestanden/Track 18.opus","atili/Dutch/DUO oefenexamens NT2/2023 Spreken I/audio/2023 Spreken I - 18 - opgave 16 - Meesters.opus","1bdmH1phS5McZ5DvTO3WsWzebdsgdBr7O"
"1 exam media","atili/Dutch/oefenexamensnt2/2023 Spreken I openbaar examen audiobestanden/Track 17.opus","atili/Dutch/DUO oefenexamens NT2/2023 Spreken I/audio/2023 Spreken I - 17 - opgave 15 - Sollicitatie.opus","1sMdkRfqJuOyc0vIay0w2dFOnZfIdlWli"
"1 exam media","atili/Dutch/oefenexamensnt2/2023 Spreken I openbaar examen audiobestanden/Track 16.opus","atili/Dutch/DUO oefenexamens NT2/2023 Spreken I/audio/2023 Spreken I - 16 - opgave 14 - Voetbal of hardlopen.opus","1FxhsV9DWWsT5HA26_bulN5nGWDLBbtYL"
"1 exam media","atili/Dutch/oefenexamensnt2/2023 Spreken I openbaar examen audiobestanden/Track 15.opus","atili/Dutch/DUO oefenexamens NT2/2023 Spreken I/audio/2023 Spreken I - 15 - opgave 13 - Nieuwe studieruimte.opus","1HU8qBsHFHy3-OfSeF1FvJaniNMZTbIao"
"1 exam media","atili/Dutch/oefenexamensnt2/2023 Spreken I openbaar examen audiobestanden/Track 14.opus","atili/Dutch/DUO oefenexamens NT2/2023 Spreken I/audio/2023 Spreken I - 14 - opgave 12 - Bezoeker.opus","1bZWRffQVHMBQpo6zMlIXWHTskqtnXMSg"
"1 exam media","atili/Dutch/oefenexamensnt2/2023 Spreken I openbaar examen audiobestanden/Track 13.opus","atili/Dutch/DUO oefenexamens NT2/2023 Spreken I/audio/2023 Spreken I - 13 - opgave 11 - Kopiëren.opus","1VLJJtA_hACE5ttQRCy-pRJGV0l0o4T5t"
"1 exam media","atili/Dutch/oefenexamensnt2/2023 Spreken I openbaar examen audiobestanden/Track 12.opus","atili/Dutch/DUO oefenexamens NT2/2023 Spreken I/audio/2023 Spreken I - 12 - opgave 10 - Lang weekend weg.opus","11LtLYWbogBU38GNVtZLlyPNq6jXnatYb"
"1 exam media","atili/Dutch/oefenexamensnt2/2023 Spreken I openbaar examen audiobestanden/Track 11.opus","atili/Dutch/DUO oefenexamens NT2/2023 Spreken I/audio/2023 Spreken I - 11 - opgave 9 - Introductiedag.opus","1KiaPYMtsVUXjHWPzMfxK-bRLSCO2vsh4"
"1 exam media","atili/Dutch/oefenexamensnt2/2023 Spreken I openbaar examen audiobestanden/Track 9.opus","atili/Dutch/DUO oefenexamens NT2/2023 Spreken I/audio/2023 Spreken I - 09 - opgave 8 - Verdrietig.opus","1yFdv58F6IlFAVUy13DAPHI6ZUBK4zFrp"
"1 exam media","atili/Dutch/oefenexamensnt2/2023 Spreken I openbaar examen audiobestanden/Track 7.opus","atili/Dutch/DUO oefenexamens NT2/2023 Spreken I/audio/2023 Spreken I - 07 - opgave 6 - Voor de kat zorgen.opus","1U7fwjftzRtKNm5aERnBpd-UOXdiVhYLM"
"1 exam media","atili/Dutch/oefenexamensnt2/2023 Spreken I openbaar examen audiobestanden/Track 6.opus","atili/Dutch/DUO oefenexamens NT2/2023 Spreken I/audio/2023 Spreken I - 06 - opgave 5 - Opleiding volgen.opus","1R4h236b-Wz4dox2B1Orh1e2hrd23rxJv"
"1 exam media","atili/Dutch/oefenexamensnt2/2023 Spreken I openbaar examen audiobestanden/Track 5.opus","atili/Dutch/DUO oefenexamens NT2/2023 Spreken I/audio/2023 Spreken I - 05 - opgave 4 - Belegde broodjes.opus","1K3WxKaYMYmh0WqD8tWM-KKisZjNn_YV4"
"1 exam media","atili/Dutch/oefenexamensnt2/2023 Spreken I openbaar examen audiobestanden/Track 4.opus","atili/Dutch/DUO oefenexamens NT2/2023 Spreken I/audio/2023 Spreken I - 04 - opgave 3 - Halve dagen werken.opus","1sgWxoA1Lp5PA-hCVuYqijLqZwBU7UFOW"
"1 exam media","atili/Dutch/oefenexamensnt2/2023 Spreken I openbaar examen audiobestanden/Track 2.opus","atili/Dutch/DUO oefenexamens NT2/2023 Spreken I/audio/2023 Spreken I - 02 - opgave 1 - Kappersopleiding.opus","10_IR3bjLRf-mByz0FobYly2VF5UEnrnC"
"1 exam media","atili/Dutch/oefenexamensnt2/2023 Spreken I openbaar examen audiobestanden/Track 10_deel 2 instructie.opus","atili/Dutch/DUO oefenexamens NT2/2023 Spreken I/audio/2023 Spreken I - 10 - deel 2 instructie.opus","1u6CLLU20QvpTK7u5IU2MkPDL8lrXQND0"
"1 exam media","atili/Dutch/oefenexamensnt2/2023 Spreken I openbaar examen audiobestanden/Track 1_deel 1 instructie.opus","atili/Dutch/DUO oefenexamens NT2/2023 Spreken I/audio/2023 Spreken I - 01 - deel 1 instructie.opus","1W0EOV5QfAyQGZSfsSM6OnupxgTHx-Cbo"
"1 exam media","atili/Dutch/oefenexamensnt2/2024 Luisteren II openbaar examen audio- en videobestanden/Track 43_opgave 35.mp4","atili/Dutch/DUO oefenexamens NT2/2024 Luisteren II/audio/2024 Luisteren II - 43 - Een filmpje over een bijzondere fiets - opgave 35.mp4","190IU3J-Id24hOpSWOu40blRmJRKxiefk"
"1 exam media","atili/Dutch/oefenexamensnt2/2024 Luisteren II openbaar examen audio- en videobestanden/Track 36_opgave 29.mp4","atili/Dutch/DUO oefenexamens NT2/2024 Luisteren II/audio/2024 Luisteren II - 36 - Een gesprek over duurzame mode - opgave 29.mp4","1xsi1vJ2l7d2OjCC9GqmHxKErqgGMR0cY"
"1 exam media","atili/Dutch/oefenexamensnt2/2024 Luisteren II openbaar examen audio- en videobestanden/Track 40_opgave 33.mp4","atili/Dutch/DUO oefenexamens NT2/2024 Luisteren II/audio/2024 Luisteren II - 40 - Een gesprek over duurzame mode - opgave 33.mp4","1BC8ExXwYpWDUdo0M2OprbPe5_GPmJLuG"
"1 exam media","atili/Dutch/oefenexamensnt2/2024 Luisteren II openbaar examen audio- en videobestanden/Track 38_opgave 31.mp4","atili/Dutch/DUO oefenexamens NT2/2024 Luisteren II/audio/2024 Luisteren II - 38 - Een gesprek over duurzame mode - opgave 31.mp4","1H7OOBoRA4UdlHLbxAaraHYcC2YQMK3hH"
"1 exam media","atili/Dutch/oefenexamensnt2/2024 Luisteren II openbaar examen audio- en videobestanden/Track 45_opgave 37.mp4","atili/Dutch/DUO oefenexamens NT2/2024 Luisteren II/audio/2024 Luisteren II - 45 - Een filmpje over een bijzondere fiets - opgave 37.mp4","12LijCQndcVDqcSovXjmzH2My5hivZnnO"
"1 exam media","atili/Dutch/oefenexamensnt2/2024 Luisteren II openbaar examen audio- en videobestanden/Track 44_opgave 36.mp4","atili/Dutch/DUO oefenexamens NT2/2024 Luisteren II/audio/2024 Luisteren II - 44 - Een filmpje over een bijzondere fiets - opgave 36.mp4","1CKZR9C_-KtA5yhBJXhrC_r49OlrtRy7l"
"1 exam media","atili/Dutch/oefenexamensnt2/2024 Luisteren II openbaar examen audio- en videobestanden/Track 37_opgave 30.mp4","atili/Dutch/DUO oefenexamens NT2/2024 Luisteren II/audio/2024 Luisteren II - 37 - Een gesprek over duurzame mode - opgave 30.mp4","1mIKCsE6uok2gVm_oEqgmtsZwO2GJOfQw"
"1 exam media","atili/Dutch/oefenexamensnt2/2024 Luisteren II openbaar examen audio- en videobestanden/Track 39_opgave 32.mp4","atili/Dutch/DUO oefenexamens NT2/2024 Luisteren II/audio/2024 Luisteren II - 39 - Een gesprek over duurzame mode - opgave 32.mp4","1H8-i8GQFEQXjNTNSfvPo72xBtbVzHFPw"
"1 exam media","atili/Dutch/oefenexamensnt2/2024 Luisteren II openbaar examen audio- en videobestanden/Track 42_opgave 34.mp4","atili/Dutch/DUO oefenexamens NT2/2024 Luisteren II/audio/2024 Luisteren II - 42 - Een filmpje over een bijzondere fiets - opgave 34.mp4","1aVqjQpvfFc_UXD6m04Twkwz5SnRKlvc7"
"1 exam media","atili/Dutch/oefenexamensnt2/2024 Luisteren II openbaar examen audio- en videobestanden/Track 10_opgave 8.mp3","atili/Dutch/DUO oefenexamens NT2/2024 Luisteren II/audio/2024 Luisteren II - 10 - Een gastcollege over waterbeheer - opgave 8.mp3","18Pkzy8xx9Peg0aUVeEDBSpDHE4sitfpr"
"1 exam media","atili/Dutch/oefenexamensnt2/2024 Luisteren II openbaar examen audio- en videobestanden/Track 3_opgave 1.mp3","atili/Dutch/DUO oefenexamens NT2/2024 Luisteren II/audio/2024 Luisteren II - 03 - Een gastcollege over waterbeheer - opgave 1.mp3","1lxo_yQUOVZAPlzNd55U-EbazIioS_ycO"
"1 exam media","atili/Dutch/oefenexamensnt2/2024 Luisteren II openbaar examen audio- en videobestanden/Track 28_opgave 23.mp3","atili/Dutch/DUO oefenexamens NT2/2024 Luisteren II/audio/2024 Luisteren II - 28 - Een gesprek over wilgen knotten - opgave 23.mp3","1tQ2rn4jjixXM04kiG-thmCmrG7mbtGdY"
"1 exam media","atili/Dutch/oefenexamensnt2/2024 Luisteren II openbaar examen audio- en videobestanden/Track 24_opgave 20.mp3","atili/Dutch/DUO oefenexamens NT2/2024 Luisteren II/audio/2024 Luisteren II - 24 - Een gesprek met twee binnenhuisarchitecten - opgave 20.mp3","1ctRwhYvUvq-KoMIwe5xmNC5IXXJ2LOcw"
"1 exam media","atili/Dutch/oefenexamensnt2/2024 Luisteren II openbaar examen audio- en videobestanden/Track 31_opgave 26.mp3","atili/Dutch/DUO oefenexamens NT2/2024 Luisteren II/audio/2024 Luisteren II - 31 - Een gesprek over wilgen knotten - opgave 26.mp3","1GcuoQVOYERD2X8cSmODEfxphT7WxqNwW"
"1 exam media","atili/Dutch/oefenexamensnt2/2024 Luisteren II openbaar examen audio- en videobestanden/Track 7_opgave 5.mp3","atili/Dutch/DUO oefenexamens NT2/2024 Luisteren II/audio/2024 Luisteren II - 07 - Een gastcollege over waterbeheer - opgave 5.mp3","1IIbNe8rtfdXKTd3Xu8nUBgJcTWbxGg2v"
"1 exam media","atili/Dutch/oefenexamensnt2/2024 Luisteren II openbaar examen audio- en videobestanden/Track 23_opgave 19.mp3","atili/Dutch/DUO oefenexamens NT2/2024 Luisteren II/audio/2024 Luisteren II - 23 - Een gesprek met twee binnenhuisarchitecten - opgave 19.mp3","1JwofqQkC9P1hzIPdkgrV1zG8-YBZe91j"
"1 exam media","atili/Dutch/oefenexamensnt2/2024 Luisteren II openbaar examen audio- en videobestanden/Track 2_intro.mp3","atili/Dutch/DUO oefenexamens NT2/2024 Luisteren II/audio/2024 Luisteren II - 02 - Een gastcollege over waterbeheer - introductie.mp3","1g0VDlP1Ky6A3Tl2UGhYlxPcdipAYJ2hA"
"1 exam media","atili/Dutch/oefenexamensnt2/2024 Luisteren II openbaar examen audio- en videobestanden/Track 25_opgave 21.mp3","atili/Dutch/DUO oefenexamens NT2/2024 Luisteren II/audio/2024 Luisteren II - 25 - Een gesprek met twee binnenhuisarchitecten - opgave 21.mp3","1rlwk7rvOI_VieM-mnR5luYZ2QF2zahSf"
"1 exam media","atili/Dutch/oefenexamensnt2/2024 Luisteren II openbaar examen audio- en videobestanden/Track 26_intro.mp3","atili/Dutch/DUO oefenexamens NT2/2024 Luisteren II/audio/2024 Luisteren II - 26 - Een gesprek over wilgen knotten - introductie.mp3","1SCg6D3f26LJYKVvyFxSPgs6vhTIQojCZ"
"1 exam media","atili/Dutch/oefenexamensnt2/2024 Luisteren II openbaar examen audio- en videobestanden/Track 19_intro.mp3","atili/Dutch/DUO oefenexamens NT2/2024 Luisteren II/audio/2024 Luisteren II - 19 - Een gesprek met twee binnenhuisarchitecten - introductie.mp3","1i_b5JQCWz16xEYUy7rSNhfVqQayAA3OT"
"1 exam media","atili/Dutch/oefenexamensnt2/2024 Luisteren II openbaar examen audio- en videobestanden/Track 41_intro.mp3","atili/Dutch/DUO oefenexamens NT2/2024 Luisteren II/audio/2024 Luisteren II - 41 - Een filmpje over een bijzondere fiets - introductie.mp3","1OC2u5SNa1ERLROUPJJVRwkO97DIzgvfe"
"1 exam media","atili/Dutch/oefenexamensnt2/2024 Luisteren II openbaar examen audio- en videobestanden/Track 17_opgave 14.mp3","atili/Dutch/DUO oefenexamens NT2/2024 Luisteren II/audio/2024 Luisteren II - 17 - Een gesprek met een vrijwilliger van de Ouderenbond - opgave 14.mp3","165l5gxkTzOIOq-4wD9CjtZTPh-aJgiYR"
"1 exam media","atili/Dutch/oefenexamensnt2/2024 Luisteren II openbaar examen audio- en videobestanden/Track 9_opgave 7.mp3","atili/Dutch/DUO oefenexamens NT2/2024 Luisteren II/audio/2024 Luisteren II - 09 - Een gastcollege over waterbeheer - opgave 7.mp3","1UlC9cbTx22saAAPiNpt-8dqK38lAjYJV"
"1 exam media","atili/Dutch/oefenexamensnt2/2024 Luisteren II openbaar examen audio- en videobestanden/Track 4_opgave 2.mp3","atili/Dutch/DUO oefenexamens NT2/2024 Luisteren II/audio/2024 Luisteren II - 04 - Een gastcollege over waterbeheer - opgave 2.mp3","1meQa8LU1LKqzhdSoi2fqbR6LmOsuwwHQ"
"1 exam media","atili/Dutch/oefenexamensnt2/2024 Luisteren II openbaar examen audio- en videobestanden/Track 13_opgave 10.mp3","atili/Dutch/DUO oefenexamens NT2/2024 Luisteren II/audio/2024 Luisteren II - 13 - Een gesprek met een vrijwilliger van de Ouderenbond - opgave 10.mp3","1q96VyIw-T7Nib6QV4gyOFjEwpJVgWpw0"
"1 exam media","atili/Dutch/oefenexamensnt2/2024 Luisteren II openbaar examen audio- en videobestanden/Track 8_opgave 6.mp3","atili/Dutch/DUO oefenexamens NT2/2024 Luisteren II/audio/2024 Luisteren II - 08 - Een gastcollege over waterbeheer - opgave 6.mp3","1Cqwfkqx9IkSGoGtKS7yAA1N2FT1ZRmqp"
"1 exam media","atili/Dutch/oefenexamensnt2/2024 Luisteren II openbaar examen audio- en videobestanden/Track 32_opgave 27.mp3","atili/Dutch/DUO oefenexamens NT2/2024 Luisteren II/audio/2024 Luisteren II - 32 - Een gesprek over wilgen knotten - opgave 27.mp3","1a8zKZlvhkcPBIbWGGnRCt_HB-j0CBGI2"
"1 exam media","atili/Dutch/oefenexamensnt2/2024 Luisteren II openbaar examen audio- en videobestanden/Track 35_intro.mp3","atili/Dutch/DUO oefenexamens NT2/2024 Luisteren II/audio/2024 Luisteren II - 35 - Een gesprek over duurzame mode - introductie.mp3","1RUjLFX1YRBOwU8antzPe2YnDU7wI9Hy6"
"1 exam media","atili/Dutch/oefenexamensnt2/2024 Luisteren II openbaar examen audio- en videobestanden/Track 16_opgave 13.mp3","atili/Dutch/DUO oefenexamens NT2/2024 Luisteren II/audio/2024 Luisteren II - 16 - Een gesprek met een vrijwilliger van de Ouderenbond - opgave 13.mp3","1rZulA1AQaGneZLhEqcoKxsE36vFUmbob"
"1 exam media","atili/Dutch/oefenexamensnt2/2024 Luisteren II openbaar examen audio- en videobestanden/Track 30_opgave 25.mp3","atili/Dutch/DUO oefenexamens NT2/2024 Luisteren II/audio/2024 Luisteren II - 30 - Een gesprek over wilgen knotten - opgave 25.mp3","18IhSmedG56u_9b2l_vmoS5fLXzu3xG_Z"
"1 exam media","atili/Dutch/oefenexamensnt2/2024 Luisteren II openbaar examen audio- en videobestanden/Track 33_opgave 28.mp3","atili/Dutch/DUO oefenexamens NT2/2024 Luisteren II/audio/2024 Luisteren II - 33 - Een gesprek over wilgen knotten - opgave 28.mp3","1-Kqha_rmBaOMMgvEX0pVetGVmYCeMTmD"
"1 exam media","atili/Dutch/oefenexamensnt2/2024 Luisteren II openbaar examen audio- en videobestanden/Track 46_bron en disclaimer.mp3","atili/Dutch/DUO oefenexamens NT2/2024 Luisteren II/audio/2024 Luisteren II - 46 - Een filmpje over een bijzondere fiets.mp3","1vU_fpMjjItT3Tqwdr_QLvZEunUrZ7JRP"
"1 exam media","atili/Dutch/oefenexamensnt2/2024 Luisteren II openbaar examen audio- en videobestanden/Track 29_opgave 24.mp3","atili/Dutch/DUO oefenexamens NT2/2024 Luisteren II/audio/2024 Luisteren II - 29 - Een gesprek over wilgen knotten - opgave 24.mp3","1bCDl971e9lU_GmfpNkcfc4tzoEcJVYGO"
"1 exam media","atili/Dutch/oefenexamensnt2/2024 Luisteren II openbaar examen audio- en videobestanden/Track 6_opgave 4.mp3","atili/Dutch/DUO oefenexamens NT2/2024 Luisteren II/audio/2024 Luisteren II - 06 - Een gastcollege over waterbeheer - opgave 4.mp3","17krH24Bb9F5IeOaeSjysD-UC1ukQid_Q"
"1 exam media","atili/Dutch/oefenexamensnt2/2024 Luisteren II openbaar examen audio- en videobestanden/Track 22_opgave 18.mp3","atili/Dutch/DUO oefenexamens NT2/2024 Luisteren II/audio/2024 Luisteren II - 22 - Een gesprek met twee binnenhuisarchitecten - opgave 18.mp3","1NSJB7zFKt3effadbvojylERTzdCr8f0h"
"1 exam media","atili/Dutch/oefenexamensnt2/2024 Luisteren II openbaar examen audio- en videobestanden/Track 34_instructie videodeel.mp3","atili/Dutch/DUO oefenexamens NT2/2024 Luisteren II/audio/2024 Luisteren II - 34 - instructie videodeel.mp3","1IgS0lJEBCQzEZVjj8KzKfidp3Z_Hx1xT"
"1 exam media","atili/Dutch/oefenexamensnt2/2024 Luisteren II openbaar examen audio- en videobestanden/Track 14_opgave 11.mp3","atili/Dutch/DUO oefenexamens NT2/2024 Luisteren II/audio/2024 Luisteren II - 14 - Een gesprek met een vrijwilliger van de Ouderenbond - opgave 11.mp3","1c9yQqRgkLA5Voi6VfUflGfhClaQ6M18R"
"1 exam media","atili/Dutch/oefenexamensnt2/2024 Luisteren II openbaar examen audio- en videobestanden/Track 5_opgave 3.mp3","atili/Dutch/DUO oefenexamens NT2/2024 Luisteren II/audio/2024 Luisteren II - 05 - Een gastcollege over waterbeheer - opgave 3.mp3","177IOWUg3WQUVOfAxpYhm9gsepQQutvg1"
"1 exam media","atili/Dutch/oefenexamensnt2/2024 Luisteren II openbaar examen audio- en videobestanden/Track 21_opgave 17.mp3","atili/Dutch/DUO oefenexamens NT2/2024 Luisteren II/audio/2024 Luisteren II - 21 - Een gesprek met twee binnenhuisarchitecten - opgave 17.mp3","17UCQBoL1g4LXxmZskApuDvDJmJjONear"
"1 exam media","atili/Dutch/oefenexamensnt2/2024 Luisteren II openbaar examen audio- en videobestanden/Track 15_opgave 12.mp3","atili/Dutch/DUO oefenexamens NT2/2024 Luisteren II/audio/2024 Luisteren II - 15 - Een gesprek met een vrijwilliger van de Ouderenbond - opgave 12.mp3","1pKtEMOIrqg37naen33nWJESfLqezyXZ1"
"1 exam media","atili/Dutch/oefenexamensnt2/2024 Luisteren II openbaar examen audio- en videobestanden/Track 12_opgave 9.mp3","atili/Dutch/DUO oefenexamens NT2/2024 Luisteren II/audio/2024 Luisteren II - 12 - Een gesprek met een vrijwilliger van de Ouderenbond - opgave 9.mp3","118DRv00ArrRsfp-wN_4v7o89ORb7EoUe"
"1 exam media","atili/Dutch/oefenexamensnt2/2024 Luisteren II openbaar examen audio- en videobestanden/Track 27_opgave 22.mp3","atili/Dutch/DUO oefenexamens NT2/2024 Luisteren II/audio/2024 Luisteren II - 27 - Een gesprek over wilgen knotten - opgave 22.mp3","11IiJLqWhHQQebhBQiE8NtuaMCGUGXkLm"
"1 exam media","atili/Dutch/oefenexamensnt2/2024 Luisteren II openbaar examen audio- en videobestanden/Track 11_intro.mp3","atili/Dutch/DUO oefenexamens NT2/2024 Luisteren II/audio/2024 Luisteren II - 11 - Een gesprek met een vrijwilliger van de Ouderenbond - introductie.mp3","1gsZWNjmZDA-aC56pDetKlS8NFnUxffQz"
"1 exam media","atili/Dutch/oefenexamensnt2/2024 Luisteren II openbaar examen audio- en videobestanden/Track 20_opgave 16.mp3","atili/Dutch/DUO oefenexamens NT2/2024 Luisteren II/audio/2024 Luisteren II - 20 - Een gesprek met twee binnenhuisarchitecten - opgave 16.mp3","1dPOdsRKdTFpeKUF5w0Shahfzn1eGAvQ1"
"1 exam media","atili/Dutch/oefenexamensnt2/2024 Luisteren II openbaar examen audio- en videobestanden/Track 18_opgave 15.mp3","atili/Dutch/DUO oefenexamens NT2/2024 Luisteren II/audio/2024 Luisteren II - 18 - Een gesprek met een vrijwilliger van de Ouderenbond - opgave 15.mp3","1Ss6px_AeFYjh1mi0TIiF_0hfPcDsY3nD"
"1 exam media","atili/Dutch/oefenexamensnt2/2024 Luisteren II openbaar examen audio- en videobestanden/Track 1_instructie.mp3","atili/Dutch/DUO oefenexamens NT2/2024 Luisteren II/audio/2024 Luisteren II - 01 - instructie.mp3","1n9f-2cbruMr8BmNJpZJPgKhAv4HS6wZr"
"1 exam media","atili/Dutch/oefenexamensnt2/2024 Luisteren II openbaar examen audio- en videobestanden/Track 2_intro.opus","atili/Dutch/DUO oefenexamens NT2/2024 Luisteren II/audio/2024 Luisteren II - 02 - Een gastcollege over waterbeheer - introductie.opus","1wcBw0X-B3BmpB0ztvj3EwaCupxAdSJQT"
"1 exam media","atili/Dutch/oefenexamensnt2/2024 Luisteren II openbaar examen audio- en videobestanden/Track 26_intro.opus","atili/Dutch/DUO oefenexamens NT2/2024 Luisteren II/audio/2024 Luisteren II - 26 - Een gesprek over wilgen knotten - introductie.opus","1cxw4JzEuQF2Dn7vB1GCD2J16i8m93Uhk"
"1 exam media","atili/Dutch/oefenexamensnt2/2024 Luisteren II openbaar examen audio- en videobestanden/Track 19_intro.opus","atili/Dutch/DUO oefenexamens NT2/2024 Luisteren II/audio/2024 Luisteren II - 19 - Een gesprek met twee binnenhuisarchitecten - introductie.opus","1xibM2e3Q_3s-J843CMjFuKMw9-O_FBks"
"1 exam media","atili/Dutch/oefenexamensnt2/2024 Luisteren II openbaar examen audio- en videobestanden/Track 35_intro.opus","atili/Dutch/DUO oefenexamens NT2/2024 Luisteren II/audio/2024 Luisteren II - 35 - Een gesprek over duurzame mode - introductie.opus","1n5jLSifPOxlznSJeK_SobuQt8y3AX7Zn"
"1 exam media","atili/Dutch/oefenexamensnt2/2024 Luisteren II openbaar examen audio- en videobestanden/Track 41_intro.opus","atili/Dutch/DUO oefenexamens NT2/2024 Luisteren II/audio/2024 Luisteren II - 41 - Een filmpje over een bijzondere fiets - introductie.opus","1DnECfrukhBen6iBC3zwdfW01xZDPm4Qp"
"1 exam media","atili/Dutch/oefenexamensnt2/2024 Luisteren II openbaar examen audio- en videobestanden/Track 11_intro.opus","atili/Dutch/DUO oefenexamens NT2/2024 Luisteren II/audio/2024 Luisteren II - 11 - Een gesprek met een vrijwilliger van de Ouderenbond - introductie.opus","1_1FF7PPzXQczvGoVjYPjDHG98U4f6oHg"
"1 exam media","atili/Dutch/oefenexamensnt2/2024 Luisteren II openbaar examen audio- en videobestanden/Track 40_opgave 33.webm","atili/Dutch/DUO oefenexamens NT2/2024 Luisteren II/audio/2024 Luisteren II - 40 - Een gesprek over duurzame mode - opgave 33.webm","1T9JTcHSiF9nWJduA8lHTslLDfdn6yELo"
"1 exam media","atili/Dutch/oefenexamensnt2/2024 Luisteren II openbaar examen audio- en videobestanden/Track 46_bron en disclaimer.opus","atili/Dutch/DUO oefenexamens NT2/2024 Luisteren II/audio/2024 Luisteren II - 46 - Een filmpje over een bijzondere fiets.opus","14SXirQebxesjkD3tpuopLfwUcsvzZVVf"
"1 exam media","atili/Dutch/oefenexamensnt2/2024 Luisteren II openbaar examen audio- en videobestanden/Track 34_instructie videodeel.opus","atili/Dutch/DUO oefenexamens NT2/2024 Luisteren II/audio/2024 Luisteren II - 34 - instructie videodeel.opus","1fXKwEzqrtTQAQYwC1nC0GvNazIpgGIMu"
"1 exam media","atili/Dutch/oefenexamensnt2/2024 Luisteren II openbaar examen audio- en videobestanden/Track 27_opgave 22.opus","atili/Dutch/DUO oefenexamens NT2/2024 Luisteren II/audio/2024 Luisteren II - 27 - Een gesprek over wilgen knotten - opgave 22.opus","1orTjvPZKm_mb_ScMGCtNH-Z4mm1TaK4o"
"1 exam media","atili/Dutch/oefenexamensnt2/2024 Luisteren II openbaar examen audio- en videobestanden/Track 28_opgave 23.opus","atili/Dutch/DUO oefenexamens NT2/2024 Luisteren II/audio/2024 Luisteren II - 28 - Een gesprek over wilgen knotten - opgave 23.opus","15E_iwhJD9uulHleViZBlweSMgbrAu_PW"
"1 exam media","atili/Dutch/oefenexamensnt2/2024 Luisteren II openbaar examen audio- en videobestanden/Track 29_opgave 24.opus","atili/Dutch/DUO oefenexamens NT2/2024 Luisteren II/audio/2024 Luisteren II - 29 - Een gesprek over wilgen knotten - opgave 24.opus","14Vpz474motSPxU9e2K4sI0ovIuRR7S1V"
"1 exam media","atili/Dutch/oefenexamensnt2/2024 Luisteren II openbaar examen audio- en videobestanden/Track 30_opgave 25.opus","atili/Dutch/DUO oefenexamens NT2/2024 Luisteren II/audio/2024 Luisteren II - 30 - Een gesprek over wilgen knotten - opgave 25.opus","1lKtF41-ygfvpZEaAGp9PBTwFdzEO40_Z"
"1 exam media","atili/Dutch/oefenexamensnt2/2024 Luisteren II openbaar examen audio- en videobestanden/Track 32_opgave 27.opus","atili/Dutch/DUO oefenexamens NT2/2024 Luisteren II/audio/2024 Luisteren II - 32 - Een gesprek over wilgen knotten - opgave 27.opus","1Rs5CivNKd2Gv6d0BEOnMFaKnn-kYt4oM"
"1 exam media","atili/Dutch/oefenexamensnt2/2024 Luisteren II openbaar examen audio- en videobestanden/Track 31_opgave 26.opus","atili/Dutch/DUO oefenexamens NT2/2024 Luisteren II/audio/2024 Luisteren II - 31 - Een gesprek over wilgen knotten - opgave 26.opus","1qaAvkFNn9wZpNfAnESBBhra1vdb3Ir6J"
"1 exam media","atili/Dutch/oefenexamensnt2/2024 Luisteren II openbaar examen audio- en videobestanden/Track 33_opgave 28.opus","atili/Dutch/DUO oefenexamens NT2/2024 Luisteren II/audio/2024 Luisteren II - 33 - Een gesprek over wilgen knotten - opgave 28.opus","1zR7ZViqEGDTR3smz50DdAGObUlfHVjZg"
"1 exam media","atili/Dutch/oefenexamensnt2/2024 Luisteren II openbaar examen audio- en videobestanden/Track 1_instructie.opus","atili/Dutch/DUO oefenexamens NT2/2024 Luisteren II/audio/2024 Luisteren II - 01 - instructie.opus","1rnhMiW5YBgykykrtAAmmIV6Cg9AyiqRF"
"1 exam media","atili/Dutch/oefenexamensnt2/2024 Luisteren II openbaar examen audio- en videobestanden/Track 14_opgave 11.opus","atili/Dutch/DUO oefenexamens NT2/2024 Luisteren II/audio/2024 Luisteren II - 14 - Een gesprek met een vrijwilliger van de Ouderenbond - opgave 11.opus","1bbJSJhJ4tmW9BVEcRhaVyMO3RzMtlIVQ"
"1 exam media","atili/Dutch/oefenexamensnt2/2024 Luisteren II openbaar examen audio- en videobestanden/Track 15_opgave 12.opus","atili/Dutch/DUO oefenexamens NT2/2024 Luisteren II/audio/2024 Luisteren II - 15 - Een gesprek met een vrijwilliger van de Ouderenbond - opgave 12.opus","1Ymw9z_UunOb6NopEGuraLP6kzXuK_Jhd"
"1 exam media","atili/Dutch/oefenexamensnt2/2024 Luisteren II openbaar examen audio- en videobestanden/Track 13_opgave 10.opus","atili/Dutch/DUO oefenexamens NT2/2024 Luisteren II/audio/2024 Luisteren II - 13 - Een gesprek met een vrijwilliger van de Ouderenbond - opgave 10.opus","1KtCcCaNLv3BdqHpMPtjRhxKp-Ol8RMuz"
"1 exam media","atili/Dutch/oefenexamensnt2/2024 Luisteren II openbaar examen audio- en videobestanden/Track 12_opgave 9.opus","atili/Dutch/DUO oefenexamens NT2/2024 Luisteren II/audio/2024 Luisteren II - 12 - Een gesprek met een vrijwilliger van de Ouderenbond - opgave 9.opus","1hsInq372VanavO2J3MtTwcDa-fXMjeLr"
"1 exam media","atili/Dutch/oefenexamensnt2/2024 Luisteren II openbaar examen audio- en videobestanden/Track 17_opgave 14.opus","atili/Dutch/DUO oefenexamens NT2/2024 Luisteren II/audio/2024 Luisteren II - 17 - Een gesprek met een vrijwilliger van de Ouderenbond - opgave 14.opus","1twm2ssH2QJnpPtjkWMfxEp3QQrzJNOkb"
"1 exam media","atili/Dutch/oefenexamensnt2/2024 Luisteren II openbaar examen audio- en videobestanden/Track 16_opgave 13.opus","atili/Dutch/DUO oefenexamens NT2/2024 Luisteren II/audio/2024 Luisteren II - 16 - Een gesprek met een vrijwilliger van de Ouderenbond - opgave 13.opus","1o1ty0Dx6BHM1WzE1FkxBTF0hlNAg8_kx"
"1 exam media","atili/Dutch/oefenexamensnt2/2024 Luisteren II openbaar examen audio- en videobestanden/Track 18_opgave 15.opus","atili/Dutch/DUO oefenexamens NT2/2024 Luisteren II/audio/2024 Luisteren II - 18 - Een gesprek met een vrijwilliger van de Ouderenbond - opgave 15.opus","16pMZlmpe20YFR_tHVhThuJchA-L7Fkk4"
"1 exam media","atili/Dutch/oefenexamensnt2/2024 Luisteren II openbaar examen audio- en videobestanden/Track 5_opgave 3.opus","atili/Dutch/DUO oefenexamens NT2/2024 Luisteren II/audio/2024 Luisteren II - 05 - Een gastcollege over waterbeheer - opgave 3.opus","1EB06T1YZ9WlOpnEual6aUxLS15DS3C8D"
"1 exam media","atili/Dutch/oefenexamensnt2/2024 Luisteren II openbaar examen audio- en videobestanden/Track 3_opgave 1.opus","atili/Dutch/DUO oefenexamens NT2/2024 Luisteren II/audio/2024 Luisteren II - 03 - Een gastcollege over waterbeheer - opgave 1.opus","1qmvn0Iu3xWx_GfKjLVFzWRFRrvEMG4r3"
"1 exam media","atili/Dutch/oefenexamensnt2/2024 Luisteren II openbaar examen audio- en videobestanden/Track 4_opgave 2.opus","atili/Dutch/DUO oefenexamens NT2/2024 Luisteren II/audio/2024 Luisteren II - 04 - Een gastcollege over waterbeheer - opgave 2.opus","1liLy5Ei24YlyeMJ6BYG2s9cfakQHStpy"
"1 exam media","atili/Dutch/oefenexamensnt2/2024 Luisteren II openbaar examen audio- en videobestanden/Track 8_opgave 6.opus","atili/Dutch/DUO oefenexamens NT2/2024 Luisteren II/audio/2024 Luisteren II - 08 - Een gastcollege over waterbeheer - opgave 6.opus","1bYoo12dBcJiHTyyH_rCT5KB-ovstlVU-"
"1 exam media","atili/Dutch/oefenexamensnt2/2024 Luisteren II openbaar examen audio- en videobestanden/Track 6_opgave 4.opus","atili/Dutch/DUO oefenexamens NT2/2024 Luisteren II/audio/2024 Luisteren II - 06 - Een gastcollege over waterbeheer - opgave 4.opus","1jWmJZNBOuDVsain-zVNuqiMTSbscL1kz"
"1 exam media","atili/Dutch/oefenexamensnt2/2024 Luisteren II openbaar examen audio- en videobestanden/Track 10_opgave 8.opus","atili/Dutch/DUO oefenexamens NT2/2024 Luisteren II/audio/2024 Luisteren II - 10 - Een gastcollege over waterbeheer - opgave 8.opus","1CS48KD-Mu4znal6_KlwE7rAkHpriBkI8"
"1 exam media","atili/Dutch/oefenexamensnt2/2024 Luisteren II openbaar examen audio- en videobestanden/Track 7_opgave 5.opus","atili/Dutch/DUO oefenexamens NT2/2024 Luisteren II/audio/2024 Luisteren II - 07 - Een gastcollege over waterbeheer - opgave 5.opus","1EHPb7zEpeVPebiB3V3qxpg2KfumEMTfV"
"1 exam media","atili/Dutch/oefenexamensnt2/2024 Luisteren II openbaar examen audio- en videobestanden/Track 9_opgave 7.opus","atili/Dutch/DUO oefenexamens NT2/2024 Luisteren II/audio/2024 Luisteren II - 09 - Een gastcollege over waterbeheer - opgave 7.opus","1lxv_URm6w12eJhGG6nS87cdSw9XPMTz_"
"1 exam media","atili/Dutch/oefenexamensnt2/2024 Luisteren II openbaar examen audio- en videobestanden/Track 45_opgave 37.webm","atili/Dutch/DUO oefenexamens NT2/2024 Luisteren II/audio/2024 Luisteren II - 45 - Een filmpje over een bijzondere fiets - opgave 37.webm","1yleLVz6-yZyt5suYsMeudV-E55Iz1I7n"
"1 exam media","atili/Dutch/oefenexamensnt2/2024 Luisteren II openbaar examen audio- en videobestanden/Track 44_opgave 36.webm","atili/Dutch/DUO oefenexamens NT2/2024 Luisteren II/audio/2024 Luisteren II - 44 - Een filmpje over een bijzondere fiets - opgave 36.webm","1hXh7qCwhxC7G82_Cho-ZQ9dv-W56LwNY"
"1 exam media","atili/Dutch/oefenexamensnt2/2024 Luisteren II openbaar examen audio- en videobestanden/Track 43_opgave 35.webm","atili/Dutch/DUO oefenexamens NT2/2024 Luisteren II/audio/2024 Luisteren II - 43 - Een filmpje over een bijzondere fiets - opgave 35.webm","1JaUlLZ_RKNQ2fvm7L58sEdyAOWFvGlJt"
"1 exam media","atili/Dutch/oefenexamensnt2/2024 Luisteren II openbaar examen audio- en videobestanden/Track 42_opgave 34.webm","atili/Dutch/DUO oefenexamens NT2/2024 Luisteren II/audio/2024 Luisteren II - 42 - Een filmpje over een bijzondere fiets - opgave 34.webm","1t6FeKtf5rUaoHSFCjoKsEwPTxyUTJZXd"
"1 exam media","atili/Dutch/oefenexamensnt2/2024 Luisteren II openbaar examen audio- en videobestanden/Track 39_opgave 32.webm","atili/Dutch/DUO oefenexamens NT2/2024 Luisteren II/audio/2024 Luisteren II - 39 - Een gesprek over duurzame mode - opgave 32.webm","1RuOycSfbZMDjC1xBeUrEFY2eGWWAN53g"
"1 exam media","atili/Dutch/oefenexamensnt2/2024 Luisteren II openbaar examen audio- en videobestanden/Track 38_opgave 31.webm","atili/Dutch/DUO oefenexamens NT2/2024 Luisteren II/audio/2024 Luisteren II - 38 - Een gesprek over duurzame mode - opgave 31.webm","1S6cqphmEwW2deE4jkh6rb9j8m2RzSv9d"
"1 exam media","atili/Dutch/oefenexamensnt2/2024 Luisteren II openbaar examen audio- en videobestanden/Track 37_opgave 30.webm","atili/Dutch/DUO oefenexamens NT2/2024 Luisteren II/audio/2024 Luisteren II - 37 - Een gesprek over duurzame mode - opgave 30.webm","1Pkids-gGqgFjcIE64T9O5CvmadynDGt2"
"1 exam media","atili/Dutch/oefenexamensnt2/2024 Luisteren II openbaar examen audio- en videobestanden/Track 36_opgave 29.webm","atili/Dutch/DUO oefenexamens NT2/2024 Luisteren II/audio/2024 Luisteren II - 36 - Een gesprek over duurzame mode - opgave 29.webm","1Gg41h_hVC9QaRElFKCrlbM_upBMkJ7Hq"
"1 exam media","atili/Dutch/oefenexamensnt2/2024 Luisteren II openbaar examen audio- en videobestanden/Track 21_opgave 17.opus","atili/Dutch/DUO oefenexamens NT2/2024 Luisteren II/audio/2024 Luisteren II - 21 - Een gesprek met twee binnenhuisarchitecten - opgave 17.opus","1YGYcREw1ueNMrPpTVOSHod6R3DGjePzn"
"1 exam media","atili/Dutch/oefenexamensnt2/2024 Luisteren II openbaar examen audio- en videobestanden/Track 22_opgave 18.opus","atili/Dutch/DUO oefenexamens NT2/2024 Luisteren II/audio/2024 Luisteren II - 22 - Een gesprek met twee binnenhuisarchitecten - opgave 18.opus","1yPBjAjNvMa8boLAhyCfH9YL-KvEvO7Os"
"1 exam media","atili/Dutch/oefenexamensnt2/2024 Luisteren II openbaar examen audio- en videobestanden/Track 23_opgave 19.opus","atili/Dutch/DUO oefenexamens NT2/2024 Luisteren II/audio/2024 Luisteren II - 23 - Een gesprek met twee binnenhuisarchitecten - opgave 19.opus","15xc8HaGzDZ5FuBPJdywNfId_FqhMrYWy"
"1 exam media","atili/Dutch/oefenexamensnt2/2024 Luisteren II openbaar examen audio- en videobestanden/Track 24_opgave 20.opus","atili/Dutch/DUO oefenexamens NT2/2024 Luisteren II/audio/2024 Luisteren II - 24 - Een gesprek met twee binnenhuisarchitecten - opgave 20.opus","18O_EtUE6Jzaxa-uf4ldhCP4GsmPMwa2j"
"1 exam media","atili/Dutch/oefenexamensnt2/2024 Luisteren II openbaar examen audio- en videobestanden/Track 25_opgave 21.opus","atili/Dutch/DUO oefenexamens NT2/2024 Luisteren II/audio/2024 Luisteren II - 25 - Een gesprek met twee binnenhuisarchitecten - opgave 21.opus","1sJEaQWHEuNJwn7YWZ-OtTsLknGmJ8cSP"
"1 exam media","atili/Dutch/oefenexamensnt2/2024 Luisteren II openbaar examen audio- en videobestanden/Track 20_opgave 16.opus","atili/Dutch/DUO oefenexamens NT2/2024 Luisteren II/audio/2024 Luisteren II - 20 - Een gesprek met twee binnenhuisarchitecten - opgave 16.opus","1FwrO6ZWEwfc0DpiXo3QKMW3LZhMvvMY-"
"1 exam media","atili/Dutch/oefenexamensnt2/2025 Luisteren I openbaar examen audio- en videobestanden/Track 47_opgave 37.mp4","atili/Dutch/DUO oefenexamens NT2/2025 Luisteren I/audio/2025 Luisteren I - 47 - (Filmpje) - opgave 37.mp4","18f6vYvaMzvyywRRPSmNSe9TO3A4KJJwT"
"1 exam media","atili/Dutch/oefenexamensnt2/2025 Luisteren I openbaar examen audio- en videobestanden/Track 49_opgave 39.mp4","atili/Dutch/DUO oefenexamens NT2/2025 Luisteren I/audio/2025 Luisteren I - 49 - (Filmpje) - opgave 39.mp4","1xtfPx2z5WSE5pZtmpyDcf4-dXBx8vv9y"
"1 exam media","atili/Dutch/oefenexamensnt2/2025 Luisteren I openbaar examen audio- en videobestanden/Track 46_opgave 36.mp4","atili/Dutch/DUO oefenexamens NT2/2025 Luisteren I/audio/2025 Luisteren I - 46 - (Filmpje) - opgave 36.mp4","1_BJcvEYvXvQ2S3UmyPjGG29ME7KWf0DP"
"1 exam media","atili/Dutch/oefenexamensnt2/2025 Luisteren I openbaar examen audio- en videobestanden/Track 48_opgave 38.mp4","atili/Dutch/DUO oefenexamens NT2/2025 Luisteren I/audio/2025 Luisteren I - 48 - (Filmpje) - opgave 38.mp4","1M66wwzZqXO0uY0nbP-IH-2zlIE9RDZUA"
"1 exam media","atili/Dutch/oefenexamensnt2/2025 Luisteren I openbaar examen audio- en videobestanden/Track 44_opgave 34.mp4","atili/Dutch/DUO oefenexamens NT2/2025 Luisteren I/audio/2025 Luisteren I - 44 - (Filmpje) - opgave 34.mp4","1dNLxg6-I-6VfTxT46vhy8KqdYGRPDZu3"
"1 exam media","atili/Dutch/oefenexamensnt2/2025 Luisteren I openbaar examen audio- en videobestanden/Track 41_Intro2.mp4","atili/Dutch/DUO oefenexamens NT2/2025 Luisteren I/audio/2025 Luisteren I - 41 - (Filmpje) - introductie.mp4","1fSVpOKYhCocJepLJpmQKZos7rCcQu0PD"
"1 exam media","atili/Dutch/oefenexamensnt2/2025 Luisteren I openbaar examen audio- en videobestanden/Track 45_opgave 35.mp4","atili/Dutch/DUO oefenexamens NT2/2025 Luisteren I/audio/2025 Luisteren I - 45 - (Filmpje) - opgave 35.mp4","1m5Sg35lt8tl1HcdbYv-z1Fyw2r30_UwI"
"1 exam media","atili/Dutch/oefenexamensnt2/2025 Luisteren I openbaar examen audio- en videobestanden/Track 43_opgave 33.mp4","atili/Dutch/DUO oefenexamens NT2/2025 Luisteren I/audio/2025 Luisteren I - 43 - (Filmpje) - opgave 33.mp4","1zqu4Z-asDZC6qfD7M8g9UvXGVMTtxNI8"
"1 exam media","atili/Dutch/oefenexamensnt2/2025 Luisteren I openbaar examen audio- en videobestanden/Track 2_Intro.mp3","atili/Dutch/DUO oefenexamens NT2/2025 Luisteren I/audio/2025 Luisteren I - 02 - Een gesprek met een decaan van natuuropleidingen - introductie.mp3","1_LiOEgkDytCUMfgug7OnaLXQPT28nqCq"
"1 exam media","atili/Dutch/oefenexamensnt2/2025 Luisteren I openbaar examen audio- en videobestanden/Track 16 _opgave 13.mp3","atili/Dutch/DUO oefenexamens NT2/2025 Luisteren I/audio/2025 Luisteren I - 16 - Een gesprek met Janine van der Deure over veranderingen in - opgave 13.mp3","18wicwjXXpRj1oub2DIb4Es4oFSVP44P-"
"1 exam media","atili/Dutch/oefenexamensnt2/2025 Luisteren I openbaar examen audio- en videobestanden/Track 33_opgave 27.mp3","atili/Dutch/DUO oefenexamens NT2/2025 Luisteren I/audio/2025 Luisteren I - 33 - Een gesprek met een personal trainer - opgave 27.mp3","1VkEOBgqq4il3imVrMpFp4HuESU-X30NL"
"1 exam media","atili/Dutch/oefenexamensnt2/2025 Luisteren I openbaar examen audio- en videobestanden/Track 40_Intro1.mp3","atili/Dutch/DUO oefenexamens NT2/2025 Luisteren I/audio/2025 Luisteren I - 40 - Een gesprek met een onderwijsassistente - introductie.mp3","1KOZb9fEx2qrDBdLZfA9rGaOOfcBtM-ts"
"1 exam media","atili/Dutch/oefenexamensnt2/2025 Luisteren I openbaar examen audio- en videobestanden/Track 23_intro.mp3","atili/Dutch/DUO oefenexamens NT2/2025 Luisteren I/audio/2025 Luisteren I - 23 - Een gesprek met een suppoost - introductie.mp3","1-op0Slc8nVKR7nNFjWE6qRiq9rod_5Ji"
"1 exam media","atili/Dutch/oefenexamensnt2/2025 Luisteren I openbaar examen audio- en videobestanden/Track 3_opgave 1.mp3","atili/Dutch/DUO oefenexamens NT2/2025 Luisteren I/audio/2025 Luisteren I - 03 - Een gesprek met een decaan van natuuropleidingen - opgave 1.mp3","1oWEuo2s4zEtDa-3X-3-o0x9t_NzAF-YA"
"1 exam media","atili/Dutch/oefenexamensnt2/2025 Luisteren I openbaar examen audio- en videobestanden/Track 18_opgave 14.mp3","atili/Dutch/DUO oefenexamens NT2/2025 Luisteren I/audio/2025 Luisteren I - 18 - Een functioneringsgesprek - opgave 14.mp3","13HDtTyBZiXwtFwjeCJBMqw5-EFpWAdNM"
"1 exam media","atili/Dutch/oefenexamensnt2/2025 Luisteren I openbaar examen audio- en videobestanden/Track 28_opgave 23.mp3","atili/Dutch/DUO oefenexamens NT2/2025 Luisteren I/audio/2025 Luisteren I - 28 - Een gesprek met een suppoost.mp3","1TLqK-vTjI30B8E8nLEL7DssDzMx91B9l"
"1 exam media","atili/Dutch/oefenexamensnt2/2025 Luisteren I openbaar examen audio- en videobestanden/Track 32_opgave 26.mp3","atili/Dutch/DUO oefenexamens NT2/2025 Luisteren I/audio/2025 Luisteren I - 32 - Een gesprek met een personal trainer - opgave 26.mp3","19aJEIBFX-4BfAIEeIk2sT-aMLiXapvST"
"1 exam media","atili/Dutch/oefenexamensnt2/2025 Luisteren I openbaar examen audio- en videobestanden/Track 7_opgave 5.mp3","atili/Dutch/DUO oefenexamens NT2/2025 Luisteren I/audio/2025 Luisteren I - 07 - Een gesprek met een decaan van natuuropleidingen - opgave 5.mp3","1Vt5DBlrPh0wD0Q5JmjP5p1xCo3jSBUUC"
"1 exam media","atili/Dutch/oefenexamensnt2/2025 Luisteren I openbaar examen audio- en videobestanden/Track 38_opgave 32.mp3","atili/Dutch/DUO oefenexamens NT2/2025 Luisteren I/audio/2025 Luisteren I - 38 - Een gesprek met een personal trainer - opgave 32.mp3","1wv29pzL1xuODgAMxf4N2XCrRRTXsfYGX"
"1 exam media","atili/Dutch/oefenexamensnt2/2025 Luisteren I openbaar examen audio- en videobestanden/Track 19_opgave 15.mp3","atili/Dutch/DUO oefenexamens NT2/2025 Luisteren I/audio/2025 Luisteren I - 19 - Een functioneringsgesprek - opgave 15.mp3","1vhVVLuzOewiX9YmhvafPvwokS2PGQYpg"
"1 exam media","atili/Dutch/oefenexamensnt2/2025 Luisteren I openbaar examen audio- en videobestanden/Track 17_intro.mp3","atili/Dutch/DUO oefenexamens NT2/2025 Luisteren I/audio/2025 Luisteren I - 17 - Een functioneringsgesprek - introductie.mp3","1tUywxb-6NeOJC9wnj1aVL_cci3M6b_9L"
"1 exam media","atili/Dutch/oefenexamensnt2/2025 Luisteren I openbaar examen audio- en videobestanden/Track 31_opgave 25.mp3","atili/Dutch/DUO oefenexamens NT2/2025 Luisteren I/audio/2025 Luisteren I - 31 - Een gesprek met een personal trainer - opgave 25.mp3","1qAR3F3yX2-IOXn0CA5JIQGeyIrDZwbMI"
"1 exam media","atili/Dutch/oefenexamensnt2/2025 Luisteren I openbaar examen audio- en videobestanden/Track 11_opgave 8.mp3","atili/Dutch/DUO oefenexamens NT2/2025 Luisteren I/audio/2025 Luisteren I - 11 - Een gesprek met Janine van der Deure over veranderingen in - opgave 8.mp3","1GatroHF4DFwJ4qdTWkRc1KsRFLmOoUWk"
"1 exam media","atili/Dutch/oefenexamensnt2/2025 Luisteren I openbaar examen audio- en videobestanden/Track 25_opgave 20.mp3","atili/Dutch/DUO oefenexamens NT2/2025 Luisteren I/audio/2025 Luisteren I - 25 - Een gesprek met een suppoost.mp3","1Jst8g6YJuJfoqwFPB3FGob9lE16a9ohZ"
"1 exam media","atili/Dutch/oefenexamensnt2/2025 Luisteren I openbaar examen audio- en videobestanden/Track 36_opgave 30.mp3","atili/Dutch/DUO oefenexamens NT2/2025 Luisteren I/audio/2025 Luisteren I - 36 - Een gesprek met een personal trainer - opgave 30.mp3","1oa4RdQ3hnZGrNCn0ZSOy6SAzPs99XJ7E"
"1 exam media","atili/Dutch/oefenexamensnt2/2025 Luisteren I openbaar examen audio- en videobestanden/Track 14 _opgave 11.mp3","atili/Dutch/DUO oefenexamens NT2/2025 Luisteren I/audio/2025 Luisteren I - 14 - Een gesprek met Janine van der Deure over veranderingen in - opgave 11.mp3","1R4QLfHqnjWHzQzTVwlUpq3b_v4Ub4k6b"
"1 exam media","atili/Dutch/oefenexamensnt2/2025 Luisteren I openbaar examen audio- en videobestanden/Track 4_opgave 2.mp3","atili/Dutch/DUO oefenexamens NT2/2025 Luisteren I/audio/2025 Luisteren I - 04 - Een gesprek met een decaan van natuuropleidingen - opgave 2.mp3","1LjzGB2VXJkOvfSD9QzNjlwnhjlmjI2t6"
"1 exam media","atili/Dutch/oefenexamensnt2/2025 Luisteren I openbaar examen audio- en videobestanden/Track 10 _opgave 7.mp3","atili/Dutch/DUO oefenexamens NT2/2025 Luisteren I/audio/2025 Luisteren I - 10 - Een gesprek met Janine van der Deure over veranderingen in - opgave 7.mp3","1L1mJSNpcJOygsruvbsC8xun0hOyFvxnE"
"1 exam media","atili/Dutch/oefenexamensnt2/2025 Luisteren I openbaar examen audio- en videobestanden/Track 29_intro.mp3","atili/Dutch/DUO oefenexamens NT2/2025 Luisteren I/audio/2025 Luisteren I - 29 - Een gesprek met een personal trainer - introductie.mp3","1jYokIErtSd4c_vcCOLO_nZa-mPeqnASQ"
"1 exam media","atili/Dutch/oefenexamensnt2/2025 Luisteren I openbaar examen audio- en videobestanden/Track 26_opgave 21.mp3","atili/Dutch/DUO oefenexamens NT2/2025 Luisteren I/audio/2025 Luisteren I - 26 - Een gesprek met een suppoost.mp3","1l2rI57xpfXsqcYaEq4I3wSrsAe8mHgTh"
"1 exam media","atili/Dutch/oefenexamensnt2/2025 Luisteren I openbaar examen audio- en videobestanden/Track 22_opgave 18.mp3","atili/Dutch/DUO oefenexamens NT2/2025 Luisteren I/audio/2025 Luisteren I - 22 - Een functioneringsgesprek - opgave 18.mp3","1hVsLMTftU2z9KIOAyD7OTyHt-e9cByJO"
"1 exam media","atili/Dutch/oefenexamensnt2/2025 Luisteren I openbaar examen audio- en videobestanden/Track 39_instructie videodeel.mp3","atili/Dutch/DUO oefenexamens NT2/2025 Luisteren I/audio/2025 Luisteren I - 39 - instructie videodeel.mp3","1OVi0YWGPbxYMrSPT5tYuKkdeGprVvTw5"
"1 exam media","atili/Dutch/oefenexamensnt2/2025 Luisteren I openbaar examen audio- en videobestanden/Track 8_Intro.mp3","atili/Dutch/DUO oefenexamens NT2/2025 Luisteren I/audio/2025 Luisteren I - 08 - Een gesprek met Janine van der Deure over veranderingen in - introductie.mp3","1TDRDxk5TuS_G90C-uD-Z4vfuMeaqVEYG"
"1 exam media","atili/Dutch/oefenexamensnt2/2025 Luisteren I openbaar examen audio- en videobestanden/Track 34_opgave 28.mp3","atili/Dutch/DUO oefenexamens NT2/2025 Luisteren I/audio/2025 Luisteren I - 34 - Een gesprek met een personal trainer - opgave 28.mp3","1cZ1T9tQoZ67ct0Jc_y3B_Jyps8cN3UXX"
"1 exam media","atili/Dutch/oefenexamensnt2/2025 Luisteren I openbaar examen audio- en videobestanden/Track 21_opgave 17.mp3","atili/Dutch/DUO oefenexamens NT2/2025 Luisteren I/audio/2025 Luisteren I - 21 - Een functioneringsgesprek - opgave 17.mp3","1bMlxLnUuIo_LE2NIIgxwMU0Gs0i8U-KR"
"1 exam media","atili/Dutch/oefenexamensnt2/2025 Luisteren I openbaar examen audio- en videobestanden/Track 5_opgave 3.mp3","atili/Dutch/DUO oefenexamens NT2/2025 Luisteren I/audio/2025 Luisteren I - 05 - Een gesprek met een decaan van natuuropleidingen - opgave 3.mp3","1mxAQMJKIijeWgTPcck_W5QQtCwGBPjXZ"
"1 exam media","atili/Dutch/oefenexamensnt2/2025 Luisteren I openbaar examen audio- en videobestanden/Track 6_opgave 4.mp3","atili/Dutch/DUO oefenexamens NT2/2025 Luisteren I/audio/2025 Luisteren I - 06 - Een gesprek met een decaan van natuuropleidingen - opgave 4.mp3","1IVnrPplm1bnwv-8Uqp9YF_rDuOMkzrrK"
"1 exam media","atili/Dutch/oefenexamensnt2/2025 Luisteren I openbaar examen audio- en videobestanden/Track 30_opgave 24.mp3","atili/Dutch/DUO oefenexamens NT2/2025 Luisteren I/audio/2025 Luisteren I - 30 - Een gesprek met een personal trainer - opgave 24.mp3","1dl3sua4mtL-bAFdBRvpz9SMfwXhP8ZW3"
"1 exam media","atili/Dutch/oefenexamensnt2/2025 Luisteren I openbaar examen audio- en videobestanden/Track 24_opgave 19.mp3","atili/Dutch/DUO oefenexamens NT2/2025 Luisteren I/audio/2025 Luisteren I - 24 - Een gesprek met een suppoost - opgave 19.mp3","1tC0Pg_O4oYslIvghFQIRWfoGnyRltjSz"
"1 exam media","atili/Dutch/oefenexamensnt2/2025 Luisteren I openbaar examen audio- en videobestanden/Track 9_opgave 6.mp3","atili/Dutch/DUO oefenexamens NT2/2025 Luisteren I/audio/2025 Luisteren I - 09 - Een gesprek met Janine van der Deure over veranderingen in - opgave 6.mp3","1sQer1829TIqF24EQ2qWu937Ygbj9XE3U"
"1 exam media","atili/Dutch/oefenexamensnt2/2025 Luisteren I openbaar examen audio- en videobestanden/Track 27_opgave 22.mp3","atili/Dutch/DUO oefenexamens NT2/2025 Luisteren I/audio/2025 Luisteren I - 27 - Een gesprek met een suppoost.mp3","1Wguuwy8_J3thUQs_5CMubmfeSKFSPo8I"
"1 exam media","atili/Dutch/oefenexamensnt2/2025 Luisteren I openbaar examen audio- en videobestanden/Track 12 _opgave 9.mp3","atili/Dutch/DUO oefenexamens NT2/2025 Luisteren I/audio/2025 Luisteren I - 12 - Een gesprek met Janine van der Deure over veranderingen in - opgave 9.mp3","1E_amKd6zFSM1e8O2Zl070Swt57saKbJ5"
"1 exam media","atili/Dutch/oefenexamensnt2/2025 Luisteren I openbaar examen audio- en videobestanden/Track 35_opgave 29.mp3","atili/Dutch/DUO oefenexamens NT2/2025 Luisteren I/audio/2025 Luisteren I - 35 - Een gesprek met een personal trainer - opgave 29.mp3","1kOb7Zk4rrXdqTygdAhU9X4sjOxwNrjUn"
"1 exam media","atili/Dutch/oefenexamensnt2/2025 Luisteren I openbaar examen audio- en videobestanden/Track 50_bron en disclaimer.mp3","atili/Dutch/DUO oefenexamens NT2/2025 Luisteren I/audio/2025 Luisteren I - 50 - (Filmpje).mp3","1FAJSyUUGBJCJBQRrJsTILNi0HFeloXP_"
"1 exam media","atili/Dutch/oefenexamensnt2/2025 Luisteren I openbaar examen audio- en videobestanden/Track 37_opgave 31.mp3","atili/Dutch/DUO oefenexamens NT2/2025 Luisteren I/audio/2025 Luisteren I - 37 - Een gesprek met een personal trainer - opgave 31.mp3","19XL0W6_gR7799JtNGofno4GGcj4E3SUx"
"1 exam media","atili/Dutch/oefenexamensnt2/2025 Luisteren I openbaar examen audio- en videobestanden/Track 13 _opgave 10.mp3","atili/Dutch/DUO oefenexamens NT2/2025 Luisteren I/audio/2025 Luisteren I - 13 - Een gesprek met Janine van der Deure over veranderingen in - opgave 10.mp3","1Ua1U41-6wtCDOF9hueZpg5JBSyquLhd1"
"1 exam media","atili/Dutch/oefenexamensnt2/2025 Luisteren I openbaar examen audio- en videobestanden/Track 20_opgave 16.mp3","atili/Dutch/DUO oefenexamens NT2/2025 Luisteren I/audio/2025 Luisteren I - 20 - Een functioneringsgesprek - opgave 16.mp3","1YfSibXQw2U5144TfSkIuxb_ch1Kdxcyj"
"1 exam media","atili/Dutch/oefenexamensnt2/2025 Luisteren I openbaar examen audio- en videobestanden/Track 15 _opgave 12.mp3","atili/Dutch/DUO oefenexamens NT2/2025 Luisteren I/audio/2025 Luisteren I - 15 - Een gesprek met Janine van der Deure over veranderingen in - opgave 12.mp3","1ohz1Bvirbx-NeNK_AxuPEsX5VIs21mOY"
"1 exam media","atili/Dutch/oefenexamensnt2/2025 Luisteren I openbaar examen audio- en videobestanden/Track 1_instructie.mp3","atili/Dutch/DUO oefenexamens NT2/2025 Luisteren I/audio/2025 Luisteren I - 01 - instructie.mp3","1USwauP5LmedzAlHsOsrpXCYCrX9v6gsn"
"1 exam media","atili/Dutch/oefenexamensnt2/2025 Luisteren I openbaar examen audio- en videobestanden/Track 42_instructie.mp3","atili/Dutch/DUO oefenexamens NT2/2025 Luisteren I/audio/2025 Luisteren I - 42 - instructie.mp3","1_IgfNW5qsdSFHj3m6mwDf23nHzk70XKw"
"1 exam media","atili/Dutch/oefenexamensnt2/2025 Luisteren I openbaar examen audio- en videobestanden/Track 29_intro.opus","atili/Dutch/DUO oefenexamens NT2/2025 Luisteren I/audio/2025 Luisteren I - 29 - Een gesprek met een personal trainer - introductie.opus","1vpsWqjIoI9Ht-wE8Gnp3lWiwx8peQtFL"
"1 exam media","atili/Dutch/oefenexamensnt2/2025 Luisteren I openbaar examen audio- en videobestanden/Track 9_opgave 6.opus","atili/Dutch/DUO oefenexamens NT2/2025 Luisteren I/audio/2025 Luisteren I - 09 - Een gesprek met Janine van der Deure over veranderingen in - opgave 6.opus","18wZX-hYATESxr0yvHwuzVHSxQiOv_y1b"
"1 exam media","atili/Dutch/oefenexamensnt2/2025 Luisteren I openbaar examen audio- en videobestanden/Track 8_Intro.opus","atili/Dutch/DUO oefenexamens NT2/2025 Luisteren I/audio/2025 Luisteren I - 08 - Een gesprek met Janine van der Deure over veranderingen in - introductie.opus","1v6PJHaPMMqXwjfnZSg1G6gyewC5ZnRmF"
"1 exam media","atili/Dutch/oefenexamensnt2/2025 Luisteren I openbaar examen audio- en videobestanden/Track 7_opgave 5.opus","atili/Dutch/DUO oefenexamens NT2/2025 Luisteren I/audio/2025 Luisteren I - 07 - Een gesprek met een decaan van natuuropleidingen - opgave 5.opus","1N-K7qGHSrlbxanrlF4JNIX8MZl0RzVlJ"
"1 exam media","atili/Dutch/oefenexamensnt2/2025 Luisteren I openbaar examen audio- en videobestanden/Track 6_opgave 4.opus","atili/Dutch/DUO oefenexamens NT2/2025 Luisteren I/audio/2025 Luisteren I - 06 - Een gesprek met een decaan van natuuropleidingen - opgave 4.opus","1bdav46FGGWgUA5I1llL6ldgC4_Cxc_Hn"
"1 exam media","atili/Dutch/oefenexamensnt2/2025 Luisteren I openbaar examen audio- en videobestanden/Track 5_opgave 3.opus","atili/Dutch/DUO oefenexamens NT2/2025 Luisteren I/audio/2025 Luisteren I - 05 - Een gesprek met een decaan van natuuropleidingen - opgave 3.opus","12PXCAaASifNoqSe2mtKrKvx_mG2fwO-D"
"1 exam media","atili/Dutch/oefenexamensnt2/2025 Luisteren I openbaar examen audio- en videobestanden/Track 49_opgave 39.webm","atili/Dutch/DUO oefenexamens NT2/2025 Luisteren I/audio/2025 Luisteren I - 49 - (Filmpje) - opgave 39.webm","1-eK--rF61ReIDToGFzsTb4IszcIaLSdL"
"1 exam media","atili/Dutch/oefenexamensnt2/2025 Luisteren I openbaar examen audio- en videobestanden/Track 48_opgave 38.webm","atili/Dutch/DUO oefenexamens NT2/2025 Luisteren I/audio/2025 Luisteren I - 48 - (Filmpje) - opgave 38.webm","1z3cERsE2fO9DiMPA29GfuPK2063gaHlX"
"1 exam media","atili/Dutch/oefenexamensnt2/2025 Luisteren I openbaar examen audio- en videobestanden/Track 47_opgave 37.webm","atili/Dutch/DUO oefenexamens NT2/2025 Luisteren I/audio/2025 Luisteren I - 47 - (Filmpje) - opgave 37.webm","18NahqOHRH2JXXlvJHpIi4AwRWrZyDE7D"
"1 exam media","atili/Dutch/oefenexamensnt2/2025 Luisteren I openbaar examen audio- en videobestanden/Track 46_opgave 36.webm","atili/Dutch/DUO oefenexamens NT2/2025 Luisteren I/audio/2025 Luisteren I - 46 - (Filmpje) - opgave 36.webm","1LSjo_oVJ6DKMB9aOux2vl_F2eFjXBmya"
"1 exam media","atili/Dutch/oefenexamensnt2/2025 Luisteren I openbaar examen audio- en videobestanden/Track 45_opgave 35.webm","atili/Dutch/DUO oefenexamens NT2/2025 Luisteren I/audio/2025 Luisteren I - 45 - (Filmpje) - opgave 35.webm","1f2rLbk1yKo1aBfU6mecty47YWlerBBdj"
"1 exam media","atili/Dutch/oefenexamensnt2/2025 Luisteren I openbaar examen audio- en videobestanden/Track 44_opgave 34.webm","atili/Dutch/DUO oefenexamens NT2/2025 Luisteren I/audio/2025 Luisteren I - 44 - (Filmpje) - opgave 34.webm","1k37g5xzf6ZamqMyhzxE9J5tUuBTw4_k1"
"1 exam media","atili/Dutch/oefenexamensnt2/2025 Luisteren I openbaar examen audio- en videobestanden/Track 43_opgave 33.webm","atili/Dutch/DUO oefenexamens NT2/2025 Luisteren I/audio/2025 Luisteren I - 43 - (Filmpje) - opgave 33.webm","1rswpywQp5QhcmeLRwQIXUGI4fSP7pIGf"
"1 exam media","atili/Dutch/oefenexamensnt2/2025 Luisteren I openbaar examen audio- en videobestanden/Track 41_Intro2.webm","atili/Dutch/DUO oefenexamens NT2/2025 Luisteren I/audio/2025 Luisteren I - 41 - (Filmpje) - introductie.webm","1Vhh9oEvF6uno3BwtC0Qd-3sfF_EODCDN"
"1 exam media","atili/Dutch/oefenexamensnt2/2025 Luisteren I openbaar examen audio- en videobestanden/Track 40_Intro1.opus","atili/Dutch/DUO oefenexamens NT2/2025 Luisteren I/audio/2025 Luisteren I - 40 - Een gesprek met een onderwijsassistente - introductie.opus","13NO2qp94r63RNbrSQqHuYNE0znrZvab9"
"1 exam media","atili/Dutch/oefenexamensnt2/2025 Luisteren I openbaar examen audio- en videobestanden/Track 4_opgave 2.opus","atili/Dutch/DUO oefenexamens NT2/2025 Luisteren I/audio/2025 Luisteren I - 04 - Een gesprek met een decaan van natuuropleidingen - opgave 2.opus","1qv4slJDohoU3u1T6OCBXOBVaTF02xd1y"
"1 exam media","atili/Dutch/oefenexamensnt2/2025 Luisteren I openbaar examen audio- en videobestanden/Track 38_opgave 32.opus","atili/Dutch/DUO oefenexamens NT2/2025 Luisteren I/audio/2025 Luisteren I - 38 - Een gesprek met een personal trainer - opgave 32.opus","1EnAkh6h5iQUJZy1tb9x7TlAAcx-OdnD9"
"1 exam media","atili/Dutch/oefenexamensnt2/2025 Luisteren I openbaar examen audio- en videobestanden/Track 37_opgave 31.opus","atili/Dutch/DUO oefenexamens NT2/2025 Luisteren I/audio/2025 Luisteren I - 37 - Een gesprek met een personal trainer - opgave 31.opus","1Sp9rinyKCBG835lBeeFrO5j3KOjsWqQO"
"1 exam media","atili/Dutch/oefenexamensnt2/2025 Luisteren I openbaar examen audio- en videobestanden/Track 23_intro.opus","atili/Dutch/DUO oefenexamens NT2/2025 Luisteren I/audio/2025 Luisteren I - 23 - Een gesprek met een suppoost - introductie.opus","1Wlwe1UBs51UV32X3C4DRN9UVcmxYEQCw"
"1 exam media","atili/Dutch/oefenexamensnt2/2025 Luisteren I openbaar examen audio- en videobestanden/Track 2_Intro.opus","atili/Dutch/DUO oefenexamens NT2/2025 Luisteren I/audio/2025 Luisteren I - 02 - Een gesprek met een decaan van natuuropleidingen - introductie.opus","1mvh-dHq9Me7QZIrQz-zXqrzKMrAQocgg"
"1 exam media","atili/Dutch/oefenexamensnt2/2025 Luisteren I openbaar examen audio- en videobestanden/Track 17_intro.opus","atili/Dutch/DUO oefenexamens NT2/2025 Luisteren I/audio/2025 Luisteren I - 17 - Een functioneringsgesprek - introductie.opus","1X0baRXb6IO13nSraAS9HDdtjpGLDeW6T"
"1 exam media","atili/Dutch/oefenexamensnt2/2025 Luisteren I openbaar examen audio- en videobestanden/Track 36_opgave 30.opus","atili/Dutch/DUO oefenexamens NT2/2025 Luisteren I/audio/2025 Luisteren I - 36 - Een gesprek met een personal trainer - opgave 30.opus","1RtPAEjGeDSWwLHLZ7RF6COgHqkQlMpM7"
"1 exam media","atili/Dutch/oefenexamensnt2/2025 Luisteren I openbaar examen audio- en videobestanden/Track 35_opgave 29.opus","atili/Dutch/DUO oefenexamens NT2/2025 Luisteren I/audio/2025 Luisteren I - 35 - Een gesprek met een personal trainer - opgave 29.opus","1KuloNALE0SCdKrfq6V8soMk_rdXV81Zi"
"1 exam media","atili/Dutch/oefenexamensnt2/2025 Luisteren I openbaar examen audio- en videobestanden/Track 34_opgave 28.opus","atili/Dutch/DUO oefenexamens NT2/2025 Luisteren I/audio/2025 Luisteren I - 34 - Een gesprek met een personal trainer - opgave 28.opus","1sTXznfZ18JrjVdaElq8iKJAERmPXTVR0"
"1 exam media","atili/Dutch/oefenexamensnt2/2025 Luisteren I openbaar examen audio- en videobestanden/Track 33_opgave 27.opus","atili/Dutch/DUO oefenexamens NT2/2025 Luisteren I/audio/2025 Luisteren I - 33 - Een gesprek met een personal trainer - opgave 27.opus","1_jSike_LKMcBW3P3NKyqgGdHWiBGsEhS"
"1 exam media","atili/Dutch/oefenexamensnt2/2025 Luisteren I openbaar examen audio- en videobestanden/Track 32_opgave 26.opus","atili/Dutch/DUO oefenexamens NT2/2025 Luisteren I/audio/2025 Luisteren I - 32 - Een gesprek met een personal trainer - opgave 26.opus","1ubxRfNjg_vC6n7w6PnG7sbtjRYVdOx_B"
"1 exam media","atili/Dutch/oefenexamensnt2/2025 Luisteren I openbaar examen audio- en videobestanden/Track 31_opgave 25.opus","atili/Dutch/DUO oefenexamens NT2/2025 Luisteren I/audio/2025 Luisteren I - 31 - Een gesprek met een personal trainer - opgave 25.opus","1O8HGGBmWLc-bfBUz-WNGmZ6Hslp_krdx"
"1 exam media","atili/Dutch/oefenexamensnt2/2025 Luisteren I openbaar examen audio- en videobestanden/Track 30_opgave 24.opus","atili/Dutch/DUO oefenexamens NT2/2025 Luisteren I/audio/2025 Luisteren I - 30 - Een gesprek met een personal trainer - opgave 24.opus","1PjrIaiN0DdObFx96ITPl39_YMFYyIy4x"
"1 exam media","atili/Dutch/oefenexamensnt2/2025 Luisteren I openbaar examen audio- en videobestanden/Track 3_opgave 1.opus","atili/Dutch/DUO oefenexamens NT2/2025 Luisteren I/audio/2025 Luisteren I - 03 - Een gesprek met een decaan van natuuropleidingen - opgave 1.opus","1T1a4NOgMW1cFFH_Hx1ijrb6z-tG3X4XA"
"1 exam media","atili/Dutch/oefenexamensnt2/2025 Luisteren I openbaar examen audio- en videobestanden/Track 28_opgave 23.opus","atili/Dutch/DUO oefenexamens NT2/2025 Luisteren I/audio/2025 Luisteren I - 28 - Een gesprek met een suppoost.opus","1RtRuZLjogqO-AFlya6KLmPYyxiFz4vv6"
"1 exam media","atili/Dutch/oefenexamensnt2/2025 Luisteren I openbaar examen audio- en videobestanden/Track 27_opgave 22.opus","atili/Dutch/DUO oefenexamens NT2/2025 Luisteren I/audio/2025 Luisteren I - 27 - Een gesprek met een suppoost.opus","1jt6pN8ismS7fJrooFVZaa1anU2JA_9kC"
"1 exam media","atili/Dutch/oefenexamensnt2/2025 Luisteren I openbaar examen audio- en videobestanden/Track 26_opgave 21.opus","atili/Dutch/DUO oefenexamens NT2/2025 Luisteren I/audio/2025 Luisteren I - 26 - Een gesprek met een suppoost.opus","1B-qeZBnpCcE5FQ0sMfcx5PhMxNKR-UZZ"
"1 exam media","atili/Dutch/oefenexamensnt2/2025 Luisteren I openbaar examen audio- en videobestanden/Track 25_opgave 20.opus","atili/Dutch/DUO oefenexamens NT2/2025 Luisteren I/audio/2025 Luisteren I - 25 - Een gesprek met een suppoost.opus","1VWlG20z_a69omyo3Mym78gOh_xXag919"
"1 exam media","atili/Dutch/oefenexamensnt2/2025 Luisteren I openbaar examen audio- en videobestanden/Track 24_opgave 19.opus","atili/Dutch/DUO oefenexamens NT2/2025 Luisteren I/audio/2025 Luisteren I - 24 - Een gesprek met een suppoost - opgave 19.opus","1IWGV1OybVozURbhVqcDvDdOH1SulPh1M"
"1 exam media","atili/Dutch/oefenexamensnt2/2025 Luisteren I openbaar examen audio- en videobestanden/Track 22_opgave 18.opus","atili/Dutch/DUO oefenexamens NT2/2025 Luisteren I/audio/2025 Luisteren I - 22 - Een functioneringsgesprek - opgave 18.opus","1M2x4pgEaV9jJRhL-uFwZrKY3ZIYvMJSk"
"1 exam media","atili/Dutch/oefenexamensnt2/2025 Luisteren I openbaar examen audio- en videobestanden/Track 21_opgave 17.opus","atili/Dutch/DUO oefenexamens NT2/2025 Luisteren I/audio/2025 Luisteren I - 21 - Een functioneringsgesprek - opgave 17.opus","16dyaDKdBoUvXV4wP1XrBMjeX48ZGJ1jV"
"1 exam media","atili/Dutch/oefenexamensnt2/2025 Luisteren I openbaar examen audio- en videobestanden/Track 20_opgave 16.opus","atili/Dutch/DUO oefenexamens NT2/2025 Luisteren I/audio/2025 Luisteren I - 20 - Een functioneringsgesprek - opgave 16.opus","1hDMn_NvO1z4ycLlKffi13qRFnQWF_nhV"
"1 exam media","atili/Dutch/oefenexamensnt2/2025 Luisteren I openbaar examen audio- en videobestanden/Track 19_opgave 15.opus","atili/Dutch/DUO oefenexamens NT2/2025 Luisteren I/audio/2025 Luisteren I - 19 - Een functioneringsgesprek - opgave 15.opus","1jxVh4Re00M53SrUBwJ0J0FQE7dTbgi9w"
"1 exam media","atili/Dutch/oefenexamensnt2/2025 Luisteren I openbaar examen audio- en videobestanden/Track 18_opgave 14.opus","atili/Dutch/DUO oefenexamens NT2/2025 Luisteren I/audio/2025 Luisteren I - 18 - Een functioneringsgesprek - opgave 14.opus","1CSlaSVy9scZng9Y2XLl85m69hiUT2NUM"
"1 exam media","atili/Dutch/oefenexamensnt2/2025 Luisteren I openbaar examen audio- en videobestanden/Track 16 _opgave 13.opus","atili/Dutch/DUO oefenexamens NT2/2025 Luisteren I/audio/2025 Luisteren I - 16 - Een gesprek met Janine van der Deure over veranderingen in - opgave 13.opus","109txXlbRyCzbSKyCkQJr3rP0O2VIH_cE"
"1 exam media","atili/Dutch/oefenexamensnt2/2025 Luisteren I openbaar examen audio- en videobestanden/Track 15 _opgave 12.opus","atili/Dutch/DUO oefenexamens NT2/2025 Luisteren I/audio/2025 Luisteren I - 15 - Een gesprek met Janine van der Deure over veranderingen in - opgave 12.opus","1j2JdgaehI90WwF_LW4aIb1C9X0DkMRvE"
"1 exam media","atili/Dutch/oefenexamensnt2/2025 Luisteren I openbaar examen audio- en videobestanden/Track 14 _opgave 11.opus","atili/Dutch/DUO oefenexamens NT2/2025 Luisteren I/audio/2025 Luisteren I - 14 - Een gesprek met Janine van der Deure over veranderingen in - opgave 11.opus","1sqRkhgGP5JDX62LaLLWjS0W6xwCH_cPX"
"1 exam media","atili/Dutch/oefenexamensnt2/2025 Luisteren I openbaar examen audio- en videobestanden/Track 13 _opgave 10.opus","atili/Dutch/DUO oefenexamens NT2/2025 Luisteren I/audio/2025 Luisteren I - 13 - Een gesprek met Janine van der Deure over veranderingen in - opgave 10.opus","1J6UU8eQCLpsBGAJwsiG3BcRyJo4b55Ml"
"1 exam media","atili/Dutch/oefenexamensnt2/2025 Luisteren I openbaar examen audio- en videobestanden/Track 12 _opgave 9.opus","atili/Dutch/DUO oefenexamens NT2/2025 Luisteren I/audio/2025 Luisteren I - 12 - Een gesprek met Janine van der Deure over veranderingen in - opgave 9.opus","1XdI60kE0pbg6spU_adm-8cuIe_m54o5f"
"1 exam media","atili/Dutch/oefenexamensnt2/2025 Luisteren I openbaar examen audio- en videobestanden/Track 11_opgave 8.opus","atili/Dutch/DUO oefenexamens NT2/2025 Luisteren I/audio/2025 Luisteren I - 11 - Een gesprek met Janine van der Deure over veranderingen in - opgave 8.opus","1dl414NKESDHqnjHhPmXum2g0DbvHI1bx"
"1 exam media","atili/Dutch/oefenexamensnt2/2025 Luisteren I openbaar examen audio- en videobestanden/Track 10 _opgave 7.opus","atili/Dutch/DUO oefenexamens NT2/2025 Luisteren I/audio/2025 Luisteren I - 10 - Een gesprek met Janine van der Deure over veranderingen in - opgave 7.opus","1NrRyBLs4hlcjek18BKWMJ_knsBputbOZ"
"1 exam media","atili/Dutch/oefenexamensnt2/2025 Luisteren I openbaar examen audio- en videobestanden/Track 50_bron en disclaimer.opus","atili/Dutch/DUO oefenexamens NT2/2025 Luisteren I/audio/2025 Luisteren I - 50 - (Filmpje).opus","1ozairwZMTBNDx_c-SSEPr7GZsNT4TA7Z"
"1 exam media","atili/Dutch/oefenexamensnt2/2025 Luisteren I openbaar examen audio- en videobestanden/Track 39_instructie videodeel.opus","atili/Dutch/DUO oefenexamens NT2/2025 Luisteren I/audio/2025 Luisteren I - 39 - instructie videodeel.opus","17ZxmgOqrXiap0SmWAye-0SEi_sSy1FN3"
"1 exam media","atili/Dutch/oefenexamensnt2/2025 Luisteren I openbaar examen audio- en videobestanden/Track 42_instructie.opus","atili/Dutch/DUO oefenexamens NT2/2025 Luisteren I/audio/2025 Luisteren I - 42 - instructie.opus","1cDvdql37k0dFQ3Q-rGu1_VkewWyQCu89"
"1 exam media","atili/Dutch/oefenexamensnt2/2025 Luisteren I openbaar examen audio- en videobestanden/Track 1_instructie.opus","atili/Dutch/DUO oefenexamens NT2/2025 Luisteren I/audio/2025 Luisteren I - 01 - instructie.opus","1GmlWq_6FjXXlCmQs5Gxfsm2qG1v0o8Qb"
"1 exam media","atili/Dutch/oefenexamensnt2/2024 Spreken I openbaar examen audiobestanden/Zips audio/Track 10_deel_2_instructie.mp3","atili/Dutch/DUO oefenexamens NT2/2024 Spreken I/audio/2024 Spreken I - 10 - deel 2 instructie.mp3","1YjSgr1hTZv-Ruf-6DM5uJIDsJqDBcO4k"
"1 exam media","atili/Dutch/oefenexamensnt2/2024 Spreken I openbaar examen audiobestanden/Zips audio/Track 17_Opgave 15.mp3","atili/Dutch/DUO oefenexamens NT2/2024 Spreken I/audio/2024 Spreken I - 17 - opgave 15 - Yoga.mp3","1bFer4NW8A8A4K7vhzcSPhnAMkGzPFQhh"
"1 exam media","atili/Dutch/oefenexamensnt2/2024 Spreken I openbaar examen audiobestanden/Zips audio/Track 9_Opgave 8.mp3","atili/Dutch/DUO oefenexamens NT2/2024 Spreken I/audio/2024 Spreken I - 09 - opgave 8 - Dierverzorger.mp3","1ZWataiv8rQi7nJ6XKERRgsH8hKyApLQH"
"1 exam media","atili/Dutch/oefenexamensnt2/2024 Spreken I openbaar examen audiobestanden/Zips audio/Track 15_Opgave 13.mp3","atili/Dutch/DUO oefenexamens NT2/2024 Spreken I/audio/2024 Spreken I - 15 - opgave 13 - Schoolkeuze.mp3","13WYIt11rJwZlx9HofwmTll1N6Vv7psrb"
"1 exam media","atili/Dutch/oefenexamensnt2/2024 Spreken I openbaar examen audiobestanden/Zips audio/Track 7_Opgave 6.mp3","atili/Dutch/DUO oefenexamens NT2/2024 Spreken I/audio/2024 Spreken I - 07 - opgave 6 - Schoolkantine.mp3","1W9NsjjnJzE1QNn4nFksLE853CkLY_Pwu"
"1 exam media","atili/Dutch/oefenexamensnt2/2024 Spreken I openbaar examen audiobestanden/Zips audio/Track 5_Opgave 4.mp3","atili/Dutch/DUO oefenexamens NT2/2024 Spreken I/audio/2024 Spreken I - 05 - opgave 4 - Stageplaats.mp3","1JC4IP60e1msZE-Tm3x5c5YgccSA0PQvk"
"1 exam media","atili/Dutch/oefenexamensnt2/2024 Spreken I openbaar examen audiobestanden/Zips audio/Track 13_Opgave 11.mp3","atili/Dutch/DUO oefenexamens NT2/2024 Spreken I/audio/2024 Spreken I - 13 - opgave 11 - Meer bewegen.mp3","11eGGpzgXJCo2xUbF8U3KYY7EpT-zz03p"
"1 exam media","atili/Dutch/oefenexamensnt2/2024 Spreken I openbaar examen audiobestanden/Zips audio/Track 2_Opgave 1.mp3","atili/Dutch/DUO oefenexamens NT2/2024 Spreken I/audio/2024 Spreken I - 02 - opgave 1 - Foto's van een huwelijk.mp3","1zm__iGFiDvz-0EV9BqW6jc_QiFy-88gb"
"1 exam media","atili/Dutch/oefenexamensnt2/2024 Spreken I openbaar examen audiobestanden/Zips audio/Track 14_Opgave 12.mp3","atili/Dutch/DUO oefenexamens NT2/2024 Spreken I/audio/2024 Spreken I - 14 - opgave 12 - Dingen vervangen.mp3","1ChaYUyRF6s6ZCac-quaiT-oEcN5OG-KG"
"1 exam media","atili/Dutch/oefenexamensnt2/2024 Spreken I openbaar examen audiobestanden/Zips audio/Track 1_deel_1_instructie.mp3","atili/Dutch/DUO oefenexamens NT2/2024 Spreken I/audio/2024 Spreken I - 01 - deel 1 instructie.mp3","10N_Y7vBXZVatbZIlhRvf8QwPhTr04d3e"
"1 exam media","atili/Dutch/oefenexamensnt2/2024 Spreken I openbaar examen audiobestanden/Zips audio/Track 4_Opgave 3.mp3","atili/Dutch/DUO oefenexamens NT2/2024 Spreken I/audio/2024 Spreken I - 04 - opgave 3 - Boodschappen gedaan.mp3","1dPL3nlE9unQkagU6N7wn088AcM9Ri0Nc"
"1 exam media","atili/Dutch/oefenexamensnt2/2024 Spreken I openbaar examen audiobestanden/Zips audio/Track 18_Opgave 16.mp3","atili/Dutch/DUO oefenexamens NT2/2024 Spreken I/audio/2024 Spreken I - 18 - opgave 16 - Machines.mp3","1R5GNg9G-pJe0K6TqqDM8nAp69raZRsiJ"
"1 exam media","atili/Dutch/oefenexamensnt2/2024 Spreken I openbaar examen audiobestanden/Zips audio/Track 8_Opgave 7.mp3","atili/Dutch/DUO oefenexamens NT2/2024 Spreken I/audio/2024 Spreken I - 08 - opgave 7 - Feestavond in de buurt.mp3","10gXDpad8LUsxhRS72KKdzR1ykhyEKg1A"
"1 exam media","atili/Dutch/oefenexamensnt2/2024 Spreken I openbaar examen audiobestanden/Zips audio/Track 6_Opgave 5.mp3","atili/Dutch/DUO oefenexamens NT2/2024 Spreken I/audio/2024 Spreken I - 06 - opgave 5 - Kaaswinkel.mp3","1ROZLhYj-5NmRAh3XReSAgD_eHBwI5jL2"
"1 exam media","atili/Dutch/oefenexamensnt2/2024 Spreken I openbaar examen audiobestanden/Zips audio/Track 11_Opgave 9.mp3","atili/Dutch/DUO oefenexamens NT2/2024 Spreken I/audio/2024 Spreken I - 11 - opgave 9 - Keuze taal.mp3","1FQ4XPSpz_Ks0tx1kcUroe-oFOsn9OfSF"
"1 exam media","atili/Dutch/oefenexamensnt2/2024 Spreken I openbaar examen audiobestanden/Zips audio/Track 12_Opgave 10.mp3","atili/Dutch/DUO oefenexamens NT2/2024 Spreken I/audio/2024 Spreken I - 12 - opgave 10 - Begeleid wonen.mp3","19SzrlKEpkGn-OJNFM1Du9cJd7_02j1rH"
"1 exam media","atili/Dutch/oefenexamensnt2/2024 Spreken I openbaar examen audiobestanden/Zips audio/Track 3_Opgave 2.mp3","atili/Dutch/DUO oefenexamens NT2/2024 Spreken I/audio/2024 Spreken I - 03 - opgave 2 - Agenda.mp3","1iHmPaBJwyMRjmE-YktJGZNvdpaVRxcK6"
"1 exam media","atili/Dutch/oefenexamensnt2/2024 Spreken I openbaar examen audiobestanden/Zips audio/Track 16_Opgave 14.mp3","atili/Dutch/DUO oefenexamens NT2/2024 Spreken I/audio/2024 Spreken I - 16 - opgave 14 - Stage in Spanje.mp3","1TH5Lorqmpu1dZKhl6TpO1HNBEXxfsJ-0"
"1 exam media","atili/Dutch/oefenexamensnt2/2024 Spreken I openbaar examen audiobestanden/Zips audio/Track 7_Opgave 6_.mp3","atili/Dutch/DUO oefenexamens NT2/2024 Spreken I/audio/2024 Spreken I - 07 - opgave 6 - Schoolkantine (tweede versie).mp3","10_lsQYEzxKYozKMIV0XyRj8dvbG_GAxk"
"1 exam media","atili/Dutch/oefenexamensnt2/2024 Spreken I openbaar examen audiobestanden/Zips audio/Track 10_deel_2_instructie.opus","atili/Dutch/DUO oefenexamens NT2/2024 Spreken I/audio/2024 Spreken I - 10 - deel 2 instructie.opus","1AbctQqphsVsHGxllnobJRF8gvjZodKTk"
"1 exam media","atili/Dutch/oefenexamensnt2/2024 Spreken I openbaar examen audiobestanden/Zips audio/Track 1_deel_1_instructie.opus","atili/Dutch/DUO oefenexamens NT2/2024 Spreken I/audio/2024 Spreken I - 01 - deel 1 instructie.opus","1VO1wd6CU0MG_9Rfb9tNmkMsddRZGCvO9"
"1 exam media","atili/Dutch/oefenexamensnt2/2024 Spreken I openbaar examen audiobestanden/Zips audio/Track 3_Opgave 2.opus","atili/Dutch/DUO oefenexamens NT2/2024 Spreken I/audio/2024 Spreken I - 03 - opgave 2 - Agenda.opus","1WaN5V3xK2lMF0gisOsO9-suTygrR9qBx"
"1 exam media","atili/Dutch/oefenexamensnt2/2024 Spreken I openbaar examen audiobestanden/Zips audio/Track 2_Opgave 1.opus","atili/Dutch/DUO oefenexamens NT2/2024 Spreken I/audio/2024 Spreken I - 02 - opgave 1 - Foto's van een huwelijk.opus","1TKlW2QdMVKfg9NAPX5p01HZmMTDwp1GH"
"1 exam media","atili/Dutch/oefenexamensnt2/2024 Spreken I openbaar examen audiobestanden/Zips audio/Track 18_Opgave 16.opus","atili/Dutch/DUO oefenexamens NT2/2024 Spreken I/audio/2024 Spreken I - 18 - opgave 16 - Machines.opus","1P6UExSLkluHW81OXOddAHXZ2QYPuH1eF"
"1 exam media","atili/Dutch/oefenexamensnt2/2024 Spreken I openbaar examen audiobestanden/Zips audio/Track 17_Opgave 15.opus","atili/Dutch/DUO oefenexamens NT2/2024 Spreken I/audio/2024 Spreken I - 17 - opgave 15 - Yoga.opus","1uKX6zA4zO6LbSKT8MYN0sGl0rSx_mlS3"
"1 exam media","atili/Dutch/oefenexamensnt2/2024 Spreken I openbaar examen audiobestanden/Zips audio/Track 15_Opgave 13.opus","atili/Dutch/DUO oefenexamens NT2/2024 Spreken I/audio/2024 Spreken I - 15 - opgave 13 - Schoolkeuze.opus","1iJH5ClovZDE9NJcij_uiXc637g7dkdSj"
"1 exam media","atili/Dutch/oefenexamensnt2/2024 Spreken I openbaar examen audiobestanden/Zips audio/Track 14_Opgave 12.opus","atili/Dutch/DUO oefenexamens NT2/2024 Spreken I/audio/2024 Spreken I - 14 - opgave 12 - Dingen vervangen.opus","1hDwZdC2zb90DJjiJ5vkg56Absy5pAQn9"
"1 exam media","atili/Dutch/oefenexamensnt2/2024 Spreken I openbaar examen audiobestanden/Zips audio/Track 13_Opgave 11.opus","atili/Dutch/DUO oefenexamens NT2/2024 Spreken I/audio/2024 Spreken I - 13 - opgave 11 - Meer bewegen.opus","1Y3DpieuR2oS-qWe1a0i6tIe6Ns83_-mv"
"1 exam media","atili/Dutch/oefenexamensnt2/2024 Spreken I openbaar examen audiobestanden/Zips audio/Track 12_Opgave 10.opus","atili/Dutch/DUO oefenexamens NT2/2024 Spreken I/audio/2024 Spreken I - 12 - opgave 10 - Begeleid wonen.opus","1wNLh_R583OewmGR99eZh_tNJRykWZeB1"
"1 exam media","atili/Dutch/oefenexamensnt2/2024 Spreken I openbaar examen audiobestanden/Zips audio/Track 11_Opgave 9.opus","atili/Dutch/DUO oefenexamens NT2/2024 Spreken I/audio/2024 Spreken I - 11 - opgave 9 - Keuze taal.opus","1vYC3YdZt7hEL-EjyGY1SWorBAlwb_sZU"
"1 exam media","atili/Dutch/oefenexamensnt2/2024 Spreken I openbaar examen audiobestanden/Zips audio/Track 9_Opgave 8.opus","atili/Dutch/DUO oefenexamens NT2/2024 Spreken I/audio/2024 Spreken I - 09 - opgave 8 - Dierverzorger.opus","1DnRc3ARHaUh-qAqPuCQ1yINYeg-xsDcB"
"1 exam media","atili/Dutch/oefenexamensnt2/2024 Spreken I openbaar examen audiobestanden/Zips audio/Track 8_Opgave 7.opus","atili/Dutch/DUO oefenexamens NT2/2024 Spreken I/audio/2024 Spreken I - 08 - opgave 7 - Feestavond in de buurt.opus","1EHTQL2-Et9_c_RbrzA--h_IcDAiflU4w"
"1 exam media","atili/Dutch/oefenexamensnt2/2024 Spreken I openbaar examen audiobestanden/Zips audio/Track 7_Opgave 6_.opus","atili/Dutch/DUO oefenexamens NT2/2024 Spreken I/audio/2024 Spreken I - 07 - opgave 6 - Schoolkantine (tweede versie).opus","1mfF4fAFyXpeY3oiunPMWm9ii-qnLi1MK"
"1 exam media","atili/Dutch/oefenexamensnt2/2024 Spreken I openbaar examen audiobestanden/Zips audio/Track 6_Opgave 5.opus","atili/Dutch/DUO oefenexamens NT2/2024 Spreken I/audio/2024 Spreken I - 06 - opgave 5 - Kaaswinkel.opus","1gWbBQOwOn-fWy6AxLbVpxiwRWxL2zaFr"
"1 exam media","atili/Dutch/oefenexamensnt2/2024 Spreken I openbaar examen audiobestanden/Zips audio/Track 5_Opgave 4.opus","atili/Dutch/DUO oefenexamens NT2/2024 Spreken I/audio/2024 Spreken I - 05 - opgave 4 - Stageplaats.opus","1r1XgGD0WhjEr-HiIGvg27RjGGCdqZ9gv"
"1 exam media","atili/Dutch/oefenexamensnt2/2024 Spreken I openbaar examen audiobestanden/Zips audio/Track 4_Opgave 3.opus","atili/Dutch/DUO oefenexamens NT2/2024 Spreken I/audio/2024 Spreken I - 04 - opgave 3 - Boodschappen gedaan.opus","1gB6tv3o-21mYc3wMYMLPCz8LfDRK4itn"
"1 exam media","atili/Dutch/oefenexamensnt2/2024 Spreken I openbaar examen audiobestanden/Zips audio/Track 16_Opgave 14.opus","atili/Dutch/DUO oefenexamens NT2/2024 Spreken I/audio/2024 Spreken I - 16 - opgave 14 - Stage in Spanje.opus","1HUC-mlFk-BKNEIkBLUD5lTXn_yAqLF77"
"1 exam media","atili/Dutch/oefenexamensnt2/2024 Spreken I openbaar examen audiobestanden/Zips audio/Track 7_Opgave 6.opus","atili/Dutch/DUO oefenexamens NT2/2024 Spreken I/audio/2024 Spreken I - 07 - opgave 6 - Schoolkantine.opus","14WMIxJQHVu4DTiN2zhAWcevdXrA-Lw2X"
"1 exam media","atili/Dutch/oefenexamensnt2/2023 Luisteren I openbaar examen audio- en videobestanden/losse fragmenten/Track 40.mp4","atili/Dutch/DUO oefenexamens NT2/2023 Luisteren I/audio/2023 Luisteren I - 40 - (Filmpje) - opgave 30.mp4","13FT0WrFBGFa8Js3qj3UTDw-ikeonJ8sR"
"1 exam media","atili/Dutch/oefenexamensnt2/2023 Luisteren I openbaar examen audio- en videobestanden/losse fragmenten/Track 48.mp4","atili/Dutch/DUO oefenexamens NT2/2023 Luisteren I/audio/2023 Luisteren I - 48 - Een video over Leren presenteren - opgave 37.mp4","115zOxdadgAuinuJ0XczgmmX-ohLHPMrm"
"1 exam media","atili/Dutch/oefenexamensnt2/2023 Luisteren I openbaar examen audio- en videobestanden/losse fragmenten/Track 38_intro2.mp4","atili/Dutch/DUO oefenexamens NT2/2023 Luisteren I/audio/2023 Luisteren I - 38 - (Filmpje) - introductie.mp4","1vPWGr_nVNEZTSbCkeewlXHlWKsv0yoD7"
"1 exam media","atili/Dutch/oefenexamensnt2/2023 Luisteren I openbaar examen audio- en videobestanden/losse fragmenten/Track 43.mp4","atili/Dutch/DUO oefenexamens NT2/2023 Luisteren I/audio/2023 Luisteren I - 43 - (Filmpje) - opgave 33.mp4","1h2FzbCX-17MOXyoAZjfrzLL9hF4_WsVA"
"1 exam media","atili/Dutch/oefenexamensnt2/2023 Luisteren I openbaar examen audio- en videobestanden/losse fragmenten/Track 45.mp4","atili/Dutch/DUO oefenexamens NT2/2023 Luisteren I/audio/2023 Luisteren I - 45 - (Filmpje) - opgave 35.mp4","1I9oDARkSJrajDDL2nPx0xHP2hJlQ9mRs"
"1 exam media","atili/Dutch/oefenexamensnt2/2023 Luisteren I openbaar examen audio- en videobestanden/losse fragmenten/Track 49.mp4","atili/Dutch/DUO oefenexamens NT2/2023 Luisteren I/audio/2023 Luisteren I - 49 - Een video over Leren presenteren - opgave 38.mp4","1_Aj5xxeSoYK1ub-CECHuAF6agLYmFgr-"
"1 exam media","atili/Dutch/oefenexamensnt2/2023 Luisteren I openbaar examen audio- en videobestanden/losse fragmenten/Track 42.mp4","atili/Dutch/DUO oefenexamens NT2/2023 Luisteren I/audio/2023 Luisteren I - 42 - (Filmpje) - opgave 32.mp4","1Eu9K6TyoizhsedYuDRwTKrqvZVi7eqdb"
"1 exam media","atili/Dutch/oefenexamensnt2/2023 Luisteren I openbaar examen audio- en videobestanden/losse fragmenten/Track 44.mp4","atili/Dutch/DUO oefenexamens NT2/2023 Luisteren I/audio/2023 Luisteren I - 44 - (Filmpje) - opgave 34.mp4","17V1fKf_lRvfi3BL71r-PqQw3qw9laRNr"
"1 exam media","atili/Dutch/oefenexamensnt2/2023 Luisteren I openbaar examen audio- en videobestanden/losse fragmenten/Track 47.mp4","atili/Dutch/DUO oefenexamens NT2/2023 Luisteren I/audio/2023 Luisteren I - 47 - Een video over Leren presenteren - opgave 36.mp4","1vj1fGIcAusawSjA6qkXqWPIKm7LayHS7"
"1 exam media","atili/Dutch/oefenexamensnt2/2023 Luisteren I openbaar examen audio- en videobestanden/losse fragmenten/Track 41.mp4","atili/Dutch/DUO oefenexamens NT2/2023 Luisteren I/audio/2023 Luisteren I - 41 - (Filmpje) - opgave 31.mp4","10mJfIZTfrqubl5WZ00Xqx3keDuIL3RTD"
"1 exam media","atili/Dutch/oefenexamensnt2/2023 Luisteren I openbaar examen audio- en videobestanden/losse fragmenten/Track 19.mp3","atili/Dutch/DUO oefenexamens NT2/2023 Luisteren I/audio/2023 Luisteren I - 19 - Een les van de drogisterijdocent - opgave 15.mp3","1ZffORwI5LFkTpQWaZ7QrZ4RSxhotxlib"
"1 exam media","atili/Dutch/oefenexamensnt2/2023 Luisteren I openbaar examen audio- en videobestanden/losse fragmenten/Track 13_intro.mp3","atili/Dutch/DUO oefenexamens NT2/2023 Luisteren I/audio/2023 Luisteren I - 13 - Een les van de drogisterijdocent - introductie.mp3","12oKINvLnOZJ0HeVZjh_qssHaxaiTmkTc"
"1 exam media","atili/Dutch/oefenexamensnt2/2023 Luisteren I openbaar examen audio- en videobestanden/losse fragmenten/Track 24.mp3","atili/Dutch/DUO oefenexamens NT2/2023 Luisteren I/audio/2023 Luisteren I - 24 - Een gesprek over een kringloopwinkel - opgave 19.mp3","14CjZtUtsyUeRnyK4TgQ1A5N4dhxgZLb3"
"1 exam media","atili/Dutch/oefenexamensnt2/2023 Luisteren I openbaar examen audio- en videobestanden/losse fragmenten/Track 2_intro.mp3","atili/Dutch/DUO oefenexamens NT2/2023 Luisteren I/audio/2023 Luisteren I - 02 - Een gesprek met een autoverkoper - introductie.mp3","1UrEtwP2yFZQzpma9QuQ822F23nC1cgdJ"
"1 exam media","atili/Dutch/oefenexamensnt2/2023 Luisteren I openbaar examen audio- en videobestanden/losse fragmenten/Track 17.mp3","atili/Dutch/DUO oefenexamens NT2/2023 Luisteren I/audio/2023 Luisteren I - 17 - Een les van de drogisterijdocent - opgave 13.mp3","1uFDB1ASpm6kI1FPe1jsgMJZ8GMpJtzyP"
"1 exam media","atili/Dutch/oefenexamensnt2/2023 Luisteren I openbaar examen audio- en videobestanden/losse fragmenten/Track 18.mp3","atili/Dutch/DUO oefenexamens NT2/2023 Luisteren I/audio/2023 Luisteren I - 18 - Een les van de drogisterijdocent - opgave 14.mp3","1LMwuw6xoWlm-Nh9VvcgV6IYMhTixQ7z7"
"1 exam media","atili/Dutch/oefenexamensnt2/2023 Luisteren I openbaar examen audio- en videobestanden/losse fragmenten/Track 27.mp3","atili/Dutch/DUO oefenexamens NT2/2023 Luisteren I/audio/2023 Luisteren I - 27 - Een gesprek over een kringloopwinkel - opgave 22.mp3","1-ahdoVnELe8KJ4JAXoPoLcY_rXhlvT8o"
"1 exam media","atili/Dutch/oefenexamensnt2/2023 Luisteren I openbaar examen audio- en videobestanden/losse fragmenten/Track 12.mp3","atili/Dutch/DUO oefenexamens NT2/2023 Luisteren I/audio/2023 Luisteren I - 12 - Een gesprek met een reisbegeleider - opgave 9.mp3","1OP8sYRL32uf_YlGcJrd8w2nTLD7PMt1z"
"1 exam media","atili/Dutch/oefenexamensnt2/2023 Luisteren I openbaar examen audio- en videobestanden/losse fragmenten/Track 14.mp3","atili/Dutch/DUO oefenexamens NT2/2023 Luisteren I/audio/2023 Luisteren I - 14 - Een les van de drogisterijdocent - opgave 10.mp3","19AAqY8XblL0J0qzV2MazreaankMbR2vI"
"1 exam media","atili/Dutch/oefenexamensnt2/2023 Luisteren I openbaar examen audio- en videobestanden/losse fragmenten/Track 5.mp3","atili/Dutch/DUO oefenexamens NT2/2023 Luisteren I/audio/2023 Luisteren I - 05 - Een gesprek met een autoverkoper - opgave 3.mp3","1hl2IN3oa1N6wRr1PDjuojM69VLGpTJEL"
"1 exam media","atili/Dutch/oefenexamensnt2/2023 Luisteren I openbaar examen audio- en videobestanden/losse fragmenten/Track 28.mp3","atili/Dutch/DUO oefenexamens NT2/2023 Luisteren I/audio/2023 Luisteren I - 28 - Een gesprek over een kringloopwinkel - opgave 23.mp3","1GB3NZJvp1QQJfkmdfXPx7qLXoBC6cdTq"
"1 exam media","atili/Dutch/oefenexamensnt2/2023 Luisteren I openbaar examen audio- en videobestanden/losse fragmenten/Track 11.mp3","atili/Dutch/DUO oefenexamens NT2/2023 Luisteren I/audio/2023 Luisteren I - 11 - Een gesprek met een reisbegeleider - opgave 8.mp3","1w9nZha6fqKBA-2Sbdje8LoOeUz5ds2UQ"
"1 exam media","atili/Dutch/oefenexamensnt2/2023 Luisteren I openbaar examen audio- en videobestanden/losse fragmenten/Track 31.mp3","atili/Dutch/DUO oefenexamens NT2/2023 Luisteren I/audio/2023 Luisteren I - 31 - Een gesprek met een stewardess - opgave 25.mp3","1ZjG248xvGf-OKIn8pQm3fQBXhaLRAAGJ"
"1 exam media","atili/Dutch/oefenexamensnt2/2023 Luisteren I openbaar examen audio- en videobestanden/losse fragmenten/Track 22.mp3","atili/Dutch/DUO oefenexamens NT2/2023 Luisteren I/audio/2023 Luisteren I - 22 - Een gesprek over een kringloopwinkel - opgave 17.mp3","18zljgJx8DDbHG-5os4OJQh8F1-yMk9Bp"
"1 exam media","atili/Dutch/oefenexamensnt2/2023 Luisteren I openbaar examen audio- en videobestanden/losse fragmenten/Track 36_instructie videodeel.mp3","atili/Dutch/DUO oefenexamens NT2/2023 Luisteren I/audio/2023 Luisteren I - 36 - instructie videodeel.mp3","1GSYju3GdVdrRGszIbbgGB1V3bASpgTpD"
"1 exam media","atili/Dutch/oefenexamensnt2/2023 Luisteren I openbaar examen audio- en videobestanden/losse fragmenten/Track 34.mp3","atili/Dutch/DUO oefenexamens NT2/2023 Luisteren I/audio/2023 Luisteren I - 34 - Een gesprek met een stewardess - opgave 28.mp3","1n24SlyqZk96p48WR_Q2ODQWqqWYsfUCs"
"1 exam media","atili/Dutch/oefenexamensnt2/2023 Luisteren I openbaar examen audio- en videobestanden/losse fragmenten/Track 33.mp3","atili/Dutch/DUO oefenexamens NT2/2023 Luisteren I/audio/2023 Luisteren I - 33 - Een gesprek met een stewardess - opgave 27.mp3","1ii8ygkchfPoOBU-CX6hvqWyFWFDDEn6Z"
"1 exam media","atili/Dutch/oefenexamensnt2/2023 Luisteren I openbaar examen audio- en videobestanden/losse fragmenten/Track 20.mp3","atili/Dutch/DUO oefenexamens NT2/2023 Luisteren I/audio/2023 Luisteren I - 20 - Een les van de drogisterijdocent - opgave 16.mp3","1piGstjoqBTELdx9r2klLI8zhdiiYet5Z"
"1 exam media","atili/Dutch/oefenexamensnt2/2023 Luisteren I openbaar examen audio- en videobestanden/losse fragmenten/Track 10.mp3","atili/Dutch/DUO oefenexamens NT2/2023 Luisteren I/audio/2023 Luisteren I - 10 - Een gesprek met een reisbegeleider - opgave 7.mp3","11dpDG_FlI2DXSgDYHxEV-_zHNPJhuPLV"
"1 exam media","atili/Dutch/oefenexamensnt2/2023 Luisteren I openbaar examen audio- en videobestanden/losse fragmenten/Track 6.mp3","atili/Dutch/DUO oefenexamens NT2/2023 Luisteren I/audio/2023 Luisteren I - 06 - Een gesprek met een autoverkoper - opgave 4.mp3","1BRb7fMkFd9JsBYBVR2FMVLOlMz9fGpw0"
"1 exam media","atili/Dutch/oefenexamensnt2/2023 Luisteren I openbaar examen audio- en videobestanden/losse fragmenten/Track 8_intro.mp3","atili/Dutch/DUO oefenexamens NT2/2023 Luisteren I/audio/2023 Luisteren I - 08 - Een gesprek met een reisbegeleider - introductie.mp3","17n1nWKzidQLCFKTttvgQZGXYQa1o5UKy"
"1 exam media","atili/Dutch/oefenexamensnt2/2023 Luisteren I openbaar examen audio- en videobestanden/losse fragmenten/Track 29.mp3","atili/Dutch/DUO oefenexamens NT2/2023 Luisteren I/audio/2023 Luisteren I - 29 - Een gesprek over een kringloopwinkel - opgave 24.mp3","1cvfNcpvibXI1y3a2DEzDzAFG1YEwe09t"
"1 exam media","atili/Dutch/oefenexamensnt2/2023 Luisteren I openbaar examen audio- en videobestanden/losse fragmenten/Track 3.mp3","atili/Dutch/DUO oefenexamens NT2/2023 Luisteren I/audio/2023 Luisteren I - 03 - Een gesprek met een autoverkoper - opgave 1.mp3","1RTBhdwbYpu78kTJDF2k55slM_rz0g_kV"
"1 exam media","atili/Dutch/oefenexamensnt2/2023 Luisteren I openbaar examen audio- en videobestanden/losse fragmenten/Track 23.mp3","atili/Dutch/DUO oefenexamens NT2/2023 Luisteren I/audio/2023 Luisteren I - 23 - Een gesprek over een kringloopwinkel - opgave 18.mp3","1hT7414CymyP33gnJRKFRB_8Pltux1M7o"
"1 exam media","atili/Dutch/oefenexamensnt2/2023 Luisteren I openbaar examen audio- en videobestanden/losse fragmenten/Track 16.mp3","atili/Dutch/DUO oefenexamens NT2/2023 Luisteren I/audio/2023 Luisteren I - 16 - Een les van de drogisterijdocent - opgave 12.mp3","1_EDcN3CTRwclE-2bwTJJxdPkysyrTjnO"
"1 exam media","atili/Dutch/oefenexamensnt2/2023 Luisteren I openbaar examen audio- en videobestanden/losse fragmenten/Track 35.mp3","atili/Dutch/DUO oefenexamens NT2/2023 Luisteren I/audio/2023 Luisteren I - 35 - Een gesprek met een stewardess - opgave 29.mp3","1F40hgmyXeUKX0Sy2q_ysAQl9bnmKxW9n"
"1 exam media","atili/Dutch/oefenexamensnt2/2023 Luisteren I openbaar examen audio- en videobestanden/losse fragmenten/Track 26.mp3","atili/Dutch/DUO oefenexamens NT2/2023 Luisteren I/audio/2023 Luisteren I - 26 - Een gesprek over een kringloopwinkel - opgave 21.mp3","1MtYTV6aXWnVIlU3hTqGbZFYLU7vecyju"
"1 exam media","atili/Dutch/oefenexamensnt2/2023 Luisteren I openbaar examen audio- en videobestanden/losse fragmenten/Track 25.mp3","atili/Dutch/DUO oefenexamens NT2/2023 Luisteren I/audio/2023 Luisteren I - 25 - Een gesprek over een kringloopwinkel - opgave 20.mp3","1fNzdyHxqrLph7lHa3chkpYmkXKwzEQDr"
"1 exam media","atili/Dutch/oefenexamensnt2/2023 Luisteren I openbaar examen audio- en videobestanden/losse fragmenten/Track 39_instructie.mp3","atili/Dutch/DUO oefenexamens NT2/2023 Luisteren I/audio/2023 Luisteren I - 39 - instructie.mp3","1V6QB9cXQ_Jv_Y6jV-j7Az3g5eEkYww6w"
"1 exam media","atili/Dutch/oefenexamensnt2/2023 Luisteren I openbaar examen audio- en videobestanden/losse fragmenten/Track 7.mp3","atili/Dutch/DUO oefenexamens NT2/2023 Luisteren I/audio/2023 Luisteren I - 07 - Een gesprek met een autoverkoper - opgave 5.mp3","1-L1uN2aGasZ1_vAFtRnQMuKbG-B1xTkW"
"1 exam media","atili/Dutch/oefenexamensnt2/2023 Luisteren I openbaar examen audio- en videobestanden/losse fragmenten/Track 21_intro.mp3","atili/Dutch/DUO oefenexamens NT2/2023 Luisteren I/audio/2023 Luisteren I - 21 - Een gesprek over een kringloopwinkel - introductie.mp3","1DoV2U5R1saA8gZDHYSHRAPqz5N0KIXgx"
"1 exam media","atili/Dutch/oefenexamensnt2/2023 Luisteren I openbaar examen audio- en videobestanden/losse fragmenten/Track 50_bron en disclaimer.mp3","atili/Dutch/DUO oefenexamens NT2/2023 Luisteren I/audio/2023 Luisteren I - 50 - Een video over Leren presenteren.mp3","1_XhZULwT0agi6RjJ2ZPMMC27wRACt7Hr"
"1 exam media","atili/Dutch/oefenexamensnt2/2023 Luisteren I openbaar examen audio- en videobestanden/losse fragmenten/Track 32.mp3","atili/Dutch/DUO oefenexamens NT2/2023 Luisteren I/audio/2023 Luisteren I - 32 - Een gesprek met een stewardess - opgave 26.mp3","1rSJmELJZyo0gqfF1DELycUlslBEaVCos"
"1 exam media","atili/Dutch/oefenexamensnt2/2023 Luisteren I openbaar examen audio- en videobestanden/losse fragmenten/Track 46_intro.mp3","atili/Dutch/DUO oefenexamens NT2/2023 Luisteren I/audio/2023 Luisteren I - 46 - Een video over Leren presenteren - introductie.mp3","1vFRsM4M-U9dNEDa6fxTe2ibSMuv8Jngk"
"1 exam media","atili/Dutch/oefenexamensnt2/2023 Luisteren I openbaar examen audio- en videobestanden/losse fragmenten/Track 30_intro.mp3","atili/Dutch/DUO oefenexamens NT2/2023 Luisteren I/audio/2023 Luisteren I - 30 - Een gesprek met een stewardess - introductie.mp3","1Yhqks-ANSgJcQroL_u7xqwwWDOQVZyII"
"1 exam media","atili/Dutch/oefenexamensnt2/2023 Luisteren I openbaar examen audio- en videobestanden/losse fragmenten/Track 1_instructie.mp3","atili/Dutch/DUO oefenexamens NT2/2023 Luisteren I/audio/2023 Luisteren I - 01 - instructie.mp3","1Qo0mDL5wXzXVLOhurThjYZd_yaLyQC06"
"1 exam media","atili/Dutch/oefenexamensnt2/2023 Luisteren I openbaar examen audio- en videobestanden/losse fragmenten/Track 15.mp3","atili/Dutch/DUO oefenexamens NT2/2023 Luisteren I/audio/2023 Luisteren I - 15 - Een les van de drogisterijdocent - opgave 11.mp3","119hRM2UGIqz4qkFZT4nUbXqbRE30vgZa"
"1 exam media","atili/Dutch/oefenexamensnt2/2023 Luisteren I openbaar examen audio- en videobestanden/losse fragmenten/Track 4.mp3","atili/Dutch/DUO oefenexamens NT2/2023 Luisteren I/audio/2023 Luisteren I - 04 - Een gesprek met een autoverkoper - opgave 2.mp3","1vpotSSHuzsMfmQJfx2QycFzfCHvJHTWh"
"1 exam media","atili/Dutch/oefenexamensnt2/2023 Luisteren I openbaar examen audio- en videobestanden/losse fragmenten/Track 9.mp3","atili/Dutch/DUO oefenexamens NT2/2023 Luisteren I/audio/2023 Luisteren I - 09 - Een gesprek met een reisbegeleider - opgave 6.mp3","1_yZxu-DWqpGAzOxPeid_h4A_b_Y_0c2K"
"1 exam media","atili/Dutch/oefenexamensnt2/2023 Luisteren I openbaar examen audio- en videobestanden/losse fragmenten/Track 37_intro1.mp3","atili/Dutch/DUO oefenexamens NT2/2023 Luisteren I/audio/2023 Luisteren I - 37 - Een video over de burgemeester van Zeist - introductie.mp3","1H7UNZ4kWiteKw0adipnihankdgKVfuY8"
"1 exam media","atili/Dutch/oefenexamensnt2/2023 Luisteren I openbaar examen audio- en videobestanden/losse fragmenten/Track 2_intro.opus","atili/Dutch/DUO oefenexamens NT2/2023 Luisteren I/audio/2023 Luisteren I - 02 - Een gesprek met een autoverkoper - introductie.opus","1I4NhiBGiA-lwwJlP84QP643yMCqFLZJM"
"1 exam media","atili/Dutch/oefenexamensnt2/2023 Luisteren I openbaar examen audio- en videobestanden/losse fragmenten/Track 13_intro.opus","atili/Dutch/DUO oefenexamens NT2/2023 Luisteren I/audio/2023 Luisteren I - 13 - Een les van de drogisterijdocent - introductie.opus","1T50_8S-uo7YyXg3qT-u300eLktim0_aD"
"1 exam media","atili/Dutch/oefenexamensnt2/2023 Luisteren I openbaar examen audio- en videobestanden/losse fragmenten/Track 30_intro.opus","atili/Dutch/DUO oefenexamens NT2/2023 Luisteren I/audio/2023 Luisteren I - 30 - Een gesprek met een stewardess - introductie.opus","1zU10ULLSqLHYXHy16EiaKGakrKAmJ1hu"
"1 exam media","atili/Dutch/oefenexamensnt2/2023 Luisteren I openbaar examen audio- en videobestanden/losse fragmenten/Track 46_intro.opus","atili/Dutch/DUO oefenexamens NT2/2023 Luisteren I/audio/2023 Luisteren I - 46 - Een video over Leren presenteren - introductie.opus","1hABSaNZ9Ai6LTMb2XDDl07fp2xyTINMg"
"1 exam media","atili/Dutch/oefenexamensnt2/2023 Luisteren I openbaar examen audio- en videobestanden/losse fragmenten/Track 21_intro.opus","atili/Dutch/DUO oefenexamens NT2/2023 Luisteren I/audio/2023 Luisteren I - 21 - Een gesprek over een kringloopwinkel - introductie.opus","11W_yoc74Oh92LzxWLxh9fwou8XgPAZJo"
"1 exam media","atili/Dutch/oefenexamensnt2/2023 Luisteren I openbaar examen audio- en videobestanden/losse fragmenten/Track 8_intro.opus","atili/Dutch/DUO oefenexamens NT2/2023 Luisteren I/audio/2023 Luisteren I - 08 - Een gesprek met een reisbegeleider - introductie.opus","1N3SX2XbmwfWxACrGoFIVkuNcZyrg7wnp"
"1 exam media","atili/Dutch/oefenexamensnt2/2023 Luisteren I openbaar examen audio- en videobestanden/losse fragmenten/Track 37_intro1.opus","atili/Dutch/DUO oefenexamens NT2/2023 Luisteren I/audio/2023 Luisteren I - 37 - Een video over de burgemeester van Zeist - introductie.opus","1-vLyO0JEJSLAKhzAKEg_Cq25Z5107Cc4"
"1 exam media","atili/Dutch/oefenexamensnt2/2023 Luisteren I openbaar examen audio- en videobestanden/losse fragmenten/Track 50_bron en disclaimer.opus","atili/Dutch/DUO oefenexamens NT2/2023 Luisteren I/audio/2023 Luisteren I - 50 - Een video over Leren presenteren.opus","1Md8N5NXC4_oTwMG5DCQrZZMZIWFgP24P"
"1 exam media","atili/Dutch/oefenexamensnt2/2023 Luisteren I openbaar examen audio- en videobestanden/losse fragmenten/Track 36_instructie videodeel.opus","atili/Dutch/DUO oefenexamens NT2/2023 Luisteren I/audio/2023 Luisteren I - 36 - instructie videodeel.opus","14Cv6vwrFMFIf1yM_x47lr7MDpsVfoxEC"
"1 exam media","atili/Dutch/oefenexamensnt2/2023 Luisteren I openbaar examen audio- en videobestanden/losse fragmenten/Track 39_instructie.opus","atili/Dutch/DUO oefenexamens NT2/2023 Luisteren I/audio/2023 Luisteren I - 39 - instructie.opus","1QgpGgAdBiJupMthKjn-IQlztY4h8aO_d"
"1 exam media","atili/Dutch/oefenexamensnt2/2023 Luisteren I openbaar examen audio- en videobestanden/losse fragmenten/Track 1_instructie.opus","atili/Dutch/DUO oefenexamens NT2/2023 Luisteren I/audio/2023 Luisteren I - 01 - instructie.opus","1r4Js_eRfh2qB7n5KkEoHasNkacAuGoC7"
"1 exam media","atili/Dutch/oefenexamensnt2/2023 Luisteren I openbaar examen audio- en videobestanden/losse fragmenten/Track 12.opus","atili/Dutch/DUO oefenexamens NT2/2023 Luisteren I/audio/2023 Luisteren I - 12 - Een gesprek met een reisbegeleider - opgave 9.opus","1P0D0nH6WzQY3HMI-ofPrPEkZeALcvDU3"
"1 exam media","atili/Dutch/oefenexamensnt2/2023 Luisteren I openbaar examen audio- en videobestanden/losse fragmenten/Track 11.opus","atili/Dutch/DUO oefenexamens NT2/2023 Luisteren I/audio/2023 Luisteren I - 11 - Een gesprek met een reisbegeleider - opgave 8.opus","1Ocens6t9docSeAAUkRD28gr2sv1HicHU"
"1 exam media","atili/Dutch/oefenexamensnt2/2023 Luisteren I openbaar examen audio- en videobestanden/losse fragmenten/Track 10.opus","atili/Dutch/DUO oefenexamens NT2/2023 Luisteren I/audio/2023 Luisteren I - 10 - Een gesprek met een reisbegeleider - opgave 7.opus","17jXoZvy3QRFTjpEmUOdK8rr0C_RLhw-5"
"1 exam media","atili/Dutch/oefenexamensnt2/2023 Luisteren I openbaar examen audio- en videobestanden/losse fragmenten/Track 9.opus","atili/Dutch/DUO oefenexamens NT2/2023 Luisteren I/audio/2023 Luisteren I - 09 - Een gesprek met een reisbegeleider - opgave 6.opus","1g4PrlkDYtsn8JaG6hGNwR5SC892Oe_Wy"
"1 exam media","atili/Dutch/oefenexamensnt2/2023 Luisteren I openbaar examen audio- en videobestanden/losse fragmenten/Track 38_intro2.webm","atili/Dutch/DUO oefenexamens NT2/2023 Luisteren I/audio/2023 Luisteren I - 38 - (Filmpje) - introductie.webm","19J-g707QR9nOwCkdV5ouar0EqXMoIgvX"
"1 exam media","atili/Dutch/oefenexamensnt2/2023 Luisteren I openbaar examen audio- en videobestanden/losse fragmenten/Track 40.webm","atili/Dutch/DUO oefenexamens NT2/2023 Luisteren I/audio/2023 Luisteren I - 40 - (Filmpje) - opgave 30.webm","1SD09xNnAAyF3zPqdYZIOyPhAP9-4W8oX"
"1 exam media","atili/Dutch/oefenexamensnt2/2023 Luisteren I openbaar examen audio- en videobestanden/losse fragmenten/Track 41.webm","atili/Dutch/DUO oefenexamens NT2/2023 Luisteren I/audio/2023 Luisteren I - 41 - (Filmpje) - opgave 31.webm","1VlOgA_HrjMqQ0MtAyr7z9vSHZC3wZ0Zz"
"1 exam media","atili/Dutch/oefenexamensnt2/2023 Luisteren I openbaar examen audio- en videobestanden/losse fragmenten/Track 42.webm","atili/Dutch/DUO oefenexamens NT2/2023 Luisteren I/audio/2023 Luisteren I - 42 - (Filmpje) - opgave 32.webm","1RCM7b6sNPyZlykoIyg0DymJpbHgI1Je0"
"1 exam media","atili/Dutch/oefenexamensnt2/2023 Luisteren I openbaar examen audio- en videobestanden/losse fragmenten/Track 43.webm","atili/Dutch/DUO oefenexamens NT2/2023 Luisteren I/audio/2023 Luisteren I - 43 - (Filmpje) - opgave 33.webm","1ND4J2Zl3OPU5GTv6zSxhy7y-10qUromQ"
"1 exam media","atili/Dutch/oefenexamensnt2/2023 Luisteren I openbaar examen audio- en videobestanden/losse fragmenten/Track 44.webm","atili/Dutch/DUO oefenexamens NT2/2023 Luisteren I/audio/2023 Luisteren I - 44 - (Filmpje) - opgave 34.webm","1cR_aQcT_sOZJBboCEw14RhmR9magQY7K"
"1 exam media","atili/Dutch/oefenexamensnt2/2023 Luisteren I openbaar examen audio- en videobestanden/losse fragmenten/Track 45.webm","atili/Dutch/DUO oefenexamens NT2/2023 Luisteren I/audio/2023 Luisteren I - 45 - (Filmpje) - opgave 35.webm","1NgWvs8bDfY25dNnyF6fQZdlTmiE6xOcM"
"1 exam media","atili/Dutch/oefenexamensnt2/2023 Luisteren I openbaar examen audio- en videobestanden/losse fragmenten/Track 47.webm","atili/Dutch/DUO oefenexamens NT2/2023 Luisteren I/audio/2023 Luisteren I - 47 - Een video over Leren presenteren - opgave 36.webm","1VNPAEasTmRBV0PEX0DQa2WlHvRLufTG3"
"1 exam media","atili/Dutch/oefenexamensnt2/2023 Luisteren I openbaar examen audio- en videobestanden/losse fragmenten/Track 48.webm","atili/Dutch/DUO oefenexamens NT2/2023 Luisteren I/audio/2023 Luisteren I - 48 - Een video over Leren presenteren - opgave 37.webm","1TSZ0owpjg2J-DLZHgsVV8430AcPt4dA_"
"1 exam media","atili/Dutch/oefenexamensnt2/2023 Luisteren I openbaar examen audio- en videobestanden/losse fragmenten/Track 49.webm","atili/Dutch/DUO oefenexamens NT2/2023 Luisteren I/audio/2023 Luisteren I - 49 - Een video over Leren presenteren - opgave 38.webm","1fwUdsiF0JqL6iD4OQkohKKCBC6TUox-Z"
"1 exam media","atili/Dutch/oefenexamensnt2/2023 Luisteren I openbaar examen audio- en videobestanden/losse fragmenten/Track 27.opus","atili/Dutch/DUO oefenexamens NT2/2023 Luisteren I/audio/2023 Luisteren I - 27 - Een gesprek over een kringloopwinkel - opgave 22.opus","1bzS2DLi4uZh7b7TAaBSG1mvHDtnQUVt-"
"1 exam media","atili/Dutch/oefenexamensnt2/2023 Luisteren I openbaar examen audio- en videobestanden/losse fragmenten/Track 28.opus","atili/Dutch/DUO oefenexamens NT2/2023 Luisteren I/audio/2023 Luisteren I - 28 - Een gesprek over een kringloopwinkel - opgave 23.opus","1u1Z6lCte5Xhrow5uy9_CYVvF-7xX1D_u"
"1 exam media","atili/Dutch/oefenexamensnt2/2023 Luisteren I openbaar examen audio- en videobestanden/losse fragmenten/Track 26.opus","atili/Dutch/DUO oefenexamens NT2/2023 Luisteren I/audio/2023 Luisteren I - 26 - Een gesprek over een kringloopwinkel - opgave 21.opus","1YwnawLqYhKzehH2vmfr8AjYI6lyFGTfq"
"1 exam media","atili/Dutch/oefenexamensnt2/2023 Luisteren I openbaar examen audio- en videobestanden/losse fragmenten/Track 25.opus","atili/Dutch/DUO oefenexamens NT2/2023 Luisteren I/audio/2023 Luisteren I - 25 - Een gesprek over een kringloopwinkel - opgave 20.opus","1EEWi23cozP04Xd-d-VVxCkuyoSJdfy2j"
"1 exam media","atili/Dutch/oefenexamensnt2/2023 Luisteren I openbaar examen audio- en videobestanden/losse fragmenten/Track 23.opus","atili/Dutch/DUO oefenexamens NT2/2023 Luisteren I/audio/2023 Luisteren I - 23 - Een gesprek over een kringloopwinkel - opgave 18.opus","1LxDXxQFCsE6X1ApvoPwx07c3ur-9PLV_"
"1 exam media","atili/Dutch/oefenexamensnt2/2023 Luisteren I openbaar examen audio- en videobestanden/losse fragmenten/Track 24.opus","atili/Dutch/DUO oefenexamens NT2/2023 Luisteren I/audio/2023 Luisteren I - 24 - Een gesprek over een kringloopwinkel - opgave 19.opus","1Hcn4B7fTUN_odeHOd_A99nulemA1Tyqc"
"1 exam media","atili/Dutch/oefenexamensnt2/2023 Luisteren I openbaar examen audio- en videobestanden/losse fragmenten/Track 22.opus","atili/Dutch/DUO oefenexamens NT2/2023 Luisteren I/audio/2023 Luisteren I - 22 - Een gesprek over een kringloopwinkel - opgave 17.opus","1w6r4Y21N8oHIldwFuiqLSyV7aC3OriRJ"
"1 exam media","atili/Dutch/oefenexamensnt2/2023 Luisteren I openbaar examen audio- en videobestanden/losse fragmenten/Track 29.opus","atili/Dutch/DUO oefenexamens NT2/2023 Luisteren I/audio/2023 Luisteren I - 29 - Een gesprek over een kringloopwinkel - opgave 24.opus","17582lMUx_I3gEgULaHZP0Z-ADnAbJSg6"
"1 exam media","atili/Dutch/oefenexamensnt2/2023 Luisteren I openbaar examen audio- en videobestanden/losse fragmenten/Track 20.opus","atili/Dutch/DUO oefenexamens NT2/2023 Luisteren I/audio/2023 Luisteren I - 20 - Een les van de drogisterijdocent - opgave 16.opus","1BDYos43cYhsvlZEmfYfxZMK0k5GSn8l4"
"1 exam media","atili/Dutch/oefenexamensnt2/2023 Luisteren I openbaar examen audio- en videobestanden/losse fragmenten/Track 19.opus","atili/Dutch/DUO oefenexamens NT2/2023 Luisteren I/audio/2023 Luisteren I - 19 - Een les van de drogisterijdocent - opgave 15.opus","1v_Z21rxdzwesyi4ui1yI4NNOyybMC4y3"
"1 exam media","atili/Dutch/oefenexamensnt2/2023 Luisteren I openbaar examen audio- en videobestanden/losse fragmenten/Track 18.opus","atili/Dutch/DUO oefenexamens NT2/2023 Luisteren I/audio/2023 Luisteren I - 18 - Een les van de drogisterijdocent - opgave 14.opus","1zOz9Z5HHsjmO5YWXjoumGofXsGQM0o2u"
"1 exam media","atili/Dutch/oefenexamensnt2/2023 Luisteren I openbaar examen audio- en videobestanden/losse fragmenten/Track 17.opus","atili/Dutch/DUO oefenexamens NT2/2023 Luisteren I/audio/2023 Luisteren I - 17 - Een les van de drogisterijdocent - opgave 13.opus","1exdykO9opSPL_o1oOw181pVbD9ylO5Fs"
"1 exam media","atili/Dutch/oefenexamensnt2/2023 Luisteren I openbaar examen audio- en videobestanden/losse fragmenten/Track 16.opus","atili/Dutch/DUO oefenexamens NT2/2023 Luisteren I/audio/2023 Luisteren I - 16 - Een les van de drogisterijdocent - opgave 12.opus","1ks1oKcz9I7Zg3jxUphQ-KslsljEJrUpJ"
"1 exam media","atili/Dutch/oefenexamensnt2/2023 Luisteren I openbaar examen audio- en videobestanden/losse fragmenten/Track 15.opus","atili/Dutch/DUO oefenexamens NT2/2023 Luisteren I/audio/2023 Luisteren I - 15 - Een les van de drogisterijdocent - opgave 11.opus","19ZScdMkZB7u6iKCi21e5HerwlBjl_0i7"
"1 exam media","atili/Dutch/oefenexamensnt2/2023 Luisteren I openbaar examen audio- en videobestanden/losse fragmenten/Track 14.opus","atili/Dutch/DUO oefenexamens NT2/2023 Luisteren I/audio/2023 Luisteren I - 14 - Een les van de drogisterijdocent - opgave 10.opus","1NH-a2Q3nkMqa70JYchQR7vp3k40YkGqW"
"1 exam media","atili/Dutch/oefenexamensnt2/2023 Luisteren I openbaar examen audio- en videobestanden/losse fragmenten/Track 7.opus","atili/Dutch/DUO oefenexamens NT2/2023 Luisteren I/audio/2023 Luisteren I - 07 - Een gesprek met een autoverkoper - opgave 5.opus","1fkST7s2pKwarsVmp0Jm0DfD_tq0tZClg"
"1 exam media","atili/Dutch/oefenexamensnt2/2023 Luisteren I openbaar examen audio- en videobestanden/losse fragmenten/Track 6.opus","atili/Dutch/DUO oefenexamens NT2/2023 Luisteren I/audio/2023 Luisteren I - 06 - Een gesprek met een autoverkoper - opgave 4.opus","11oV1anTjVYW1a7ErB3x3N6oj2VJn8e9n"
"1 exam media","atili/Dutch/oefenexamensnt2/2023 Luisteren I openbaar examen audio- en videobestanden/losse fragmenten/Track 5.opus","atili/Dutch/DUO oefenexamens NT2/2023 Luisteren I/audio/2023 Luisteren I - 05 - Een gesprek met een autoverkoper - opgave 3.opus","1YlYaVdO8t_yETQ3iyBTKxI33UqXK6wWa"
"1 exam media","atili/Dutch/oefenexamensnt2/2023 Luisteren I openbaar examen audio- en videobestanden/losse fragmenten/Track 4.opus","atili/Dutch/DUO oefenexamens NT2/2023 Luisteren I/audio/2023 Luisteren I - 04 - Een gesprek met een autoverkoper - opgave 2.opus","1cnhFxM-8a2aAyb845GaeHlfAGQXyomEE"
"1 exam media","atili/Dutch/oefenexamensnt2/2023 Luisteren I openbaar examen audio- en videobestanden/losse fragmenten/Track 3.opus","atili/Dutch/DUO oefenexamens NT2/2023 Luisteren I/audio/2023 Luisteren I - 03 - Een gesprek met een autoverkoper - opgave 1.opus","1l_hje_m9BFUruJldRb3t-7SI8vEBjVgm"
"1 exam media","atili/Dutch/oefenexamensnt2/2023 Luisteren I openbaar examen audio- en videobestanden/losse fragmenten/Track 35.opus","atili/Dutch/DUO oefenexamens NT2/2023 Luisteren I/audio/2023 Luisteren I - 35 - Een gesprek met een stewardess - opgave 29.opus","1cGxei7P9wJrbZHcgjneMQ65YbJXYz9B9"
"1 exam media","atili/Dutch/oefenexamensnt2/2023 Luisteren I openbaar examen audio- en videobestanden/losse fragmenten/Track 34.opus","atili/Dutch/DUO oefenexamens NT2/2023 Luisteren I/audio/2023 Luisteren I - 34 - Een gesprek met een stewardess - opgave 28.opus","1pPS63i_j237grMVtURLEOhtj6L5HCoLX"
"1 exam media","atili/Dutch/oefenexamensnt2/2023 Luisteren I openbaar examen audio- en videobestanden/losse fragmenten/Track 33.opus","atili/Dutch/DUO oefenexamens NT2/2023 Luisteren I/audio/2023 Luisteren I - 33 - Een gesprek met een stewardess - opgave 27.opus","1vZnA5oV0SwRsVouZND-IxT95KeUFRhSe"
"1 exam media","atili/Dutch/oefenexamensnt2/2023 Luisteren I openbaar examen audio- en videobestanden/losse fragmenten/Track 32.opus","atili/Dutch/DUO oefenexamens NT2/2023 Luisteren I/audio/2023 Luisteren I - 32 - Een gesprek met een stewardess - opgave 26.opus","1n48nOq400yTpRoOOQXGuE4bLhUCsjCXk"
"1 exam media","atili/Dutch/oefenexamensnt2/2023 Luisteren I openbaar examen audio- en videobestanden/losse fragmenten/Track 31.opus","atili/Dutch/DUO oefenexamens NT2/2023 Luisteren I/audio/2023 Luisteren I - 31 - Een gesprek met een stewardess - opgave 25.opus","1dK9KWtvcBtDbGtTF_3_43sMdA6KBLqjv"
"1 exam media","atili/Dutch/oefenexamensnt2/2023 Spreken II openbaar examen audiobestanden/Audio zips/Track 6_ deel 2 instructie.mp3","atili/Dutch/DUO oefenexamens NT2/2023 Spreken II/audio/2023 Spreken II - 06 - deel 2 instructie.mp3","1xYFJLijzRZ3SMl1uvrRRaI42X-03drbT"
"1 exam media","atili/Dutch/oefenexamensnt2/2023 Spreken II openbaar examen audiobestanden/Audio zips/Track 16_Opgave 13.mp3","atili/Dutch/DUO oefenexamens NT2/2023 Spreken II/audio/2023 Spreken II - 16 - opgave 13 - Toerisme.mp3","1RAwUpj_G1v_YQX-FRzLDlzNKAkLFJU3X"
"1 exam media","atili/Dutch/oefenexamensnt2/2023 Spreken II openbaar examen audiobestanden/Audio zips/Track 5_Opgave 4.mp3","atili/Dutch/DUO oefenexamens NT2/2023 Spreken II/audio/2023 Spreken II - 05 - opgave 4 - Keuze laptop.mp3","1m6MMwK04ZwVyoTcGHRhcDr5ykwFQXfmc"
"1 exam media","atili/Dutch/oefenexamensnt2/2023 Spreken II openbaar examen audiobestanden/Audio zips/Track 4_Opgave 3.mp3","atili/Dutch/DUO oefenexamens NT2/2023 Spreken II/audio/2023 Spreken II - 04 - opgave 3 - Weekenddienst.mp3","1S4SMowou_BsBwF9KLI_3VHBdO0loPc9I"
"1 exam media","atili/Dutch/oefenexamensnt2/2023 Spreken II openbaar examen audiobestanden/Audio zips/Track 1_deel 1 instructie.mp3","atili/Dutch/DUO oefenexamens NT2/2023 Spreken II/audio/2023 Spreken II - 01 - deel 1 instructie.mp3","1kmIw3frbyBMssdVnd3vkcpRsuuf6ejqE"
"1 exam media","atili/Dutch/oefenexamensnt2/2023 Spreken II openbaar examen audiobestanden/Audio zips/Track 7_Opgave 5.mp3","atili/Dutch/DUO oefenexamens NT2/2023 Spreken II/audio/2023 Spreken II - 07 - opgave 5 - Last van feestjes.mp3","1SmMR4_ZMbhBthq3xTm0251_2n25EdyRv"
"1 exam media","atili/Dutch/oefenexamensnt2/2023 Spreken II openbaar examen audiobestanden/Audio zips/Track 13_Opgave 11.mp3","atili/Dutch/DUO oefenexamens NT2/2023 Spreken II/audio/2023 Spreken II - 13 - opgave 11 - Niet storen.mp3","1B8kDhCBeJjevpL19ywPNvaArXZS1Gge5"
"1 exam media","atili/Dutch/oefenexamensnt2/2023 Spreken II openbaar examen audiobestanden/Audio zips/Track 8_Opgave 6.mp3","atili/Dutch/DUO oefenexamens NT2/2023 Spreken II/audio/2023 Spreken II - 08 - opgave 6 - Sportjournalist.mp3","11jNhbFI1981d3apwtc1shnQtk0C7L6bU"
"1 exam media","atili/Dutch/oefenexamensnt2/2023 Spreken II openbaar examen audiobestanden/Audio zips/Track 2_Opgave 1.mp3","atili/Dutch/DUO oefenexamens NT2/2023 Spreken II/audio/2023 Spreken II - 02 - opgave 1 - Stage of scriptie.mp3","1j6UyVD7jwBmv2bPisaVMLoFTTag_0xOh"
"1 exam media","atili/Dutch/oefenexamensnt2/2023 Spreken II openbaar examen audiobestanden/Audio zips/Track 15_deel 3 instructie.mp3","atili/Dutch/DUO oefenexamens NT2/2023 Spreken II/audio/2023 Spreken II - 15 - deel 3 instructie.mp3","1WuEBO8SA0u6KvcaaI3yFdMeJKodDC1iI"
"1 exam media","atili/Dutch/oefenexamensnt2/2023 Spreken II openbaar examen audiobestanden/Audio zips/Track 11_Opgave 9.mp3","atili/Dutch/DUO oefenexamens NT2/2023 Spreken II/audio/2023 Spreken II - 11 - opgave 9 - Makelaar.mp3","1lJxuaaEELWd85HKmtNzO1cwjcXzih-yv"
"1 exam media","atili/Dutch/oefenexamensnt2/2023 Spreken II openbaar examen audiobestanden/Audio zips/Track 14_Opgave 12.mp3","atili/Dutch/DUO oefenexamens NT2/2023 Spreken II/audio/2023 Spreken II - 14 - opgave 12 - Rijbewijs vanaf 17 jaar.mp3","1VtO321w-Dspak6eeG0SzTmtSnimNkFle"
"1 exam media","atili/Dutch/oefenexamensnt2/2023 Spreken II openbaar examen audiobestanden/Audio zips/Track 10_Opgave 8.mp3","atili/Dutch/DUO oefenexamens NT2/2023 Spreken II/audio/2023 Spreken II - 10 - opgave 8 - Stage in ziekenhuis.mp3","1Wul1Mj1EPgf3v-FjvAqQ4pY8g7LXRGDn"
"1 exam media","atili/Dutch/oefenexamensnt2/2023 Spreken II openbaar examen audiobestanden/Audio zips/Track 12_Opgave 10.mp3","atili/Dutch/DUO oefenexamens NT2/2023 Spreken II/audio/2023 Spreken II - 12 - opgave 10 - Festival.mp3","1svUI7Evxkbd6KVGO6Cs9azCdzl7GkDc8"
"1 exam media","atili/Dutch/oefenexamensnt2/2023 Spreken II openbaar examen audiobestanden/Audio zips/Track 9_Opgave 7.mp3","atili/Dutch/DUO oefenexamens NT2/2023 Spreken II/audio/2023 Spreken II - 09 - opgave 7 - Vrijwilligerswerk.mp3","1HtplFDALjVlItAfQXqEgwbukwpdL4piB"
"1 exam media","atili/Dutch/oefenexamensnt2/2023 Spreken II openbaar examen audiobestanden/Audio zips/Track 3_Opgave 2.mp3","atili/Dutch/DUO oefenexamens NT2/2023 Spreken II/audio/2023 Spreken II - 03 - opgave 2 - Eerste keer vliegen.mp3","1sECmNLQ08z3F51ll5KKGpO-A-Bf9jcN-"
"1 exam media","atili/Dutch/oefenexamensnt2/2023 Spreken II openbaar examen audiobestanden/Audio zips/Track 16_Opgave 13.opus","atili/Dutch/DUO oefenexamens NT2/2023 Spreken II/audio/2023 Spreken II - 16 - opgave 13 - Toerisme.opus","14eXp07M4aT4R31aFL-scd-lxckhYexzu"
"1 exam media","atili/Dutch/oefenexamensnt2/2023 Spreken II openbaar examen audiobestanden/Audio zips/Track 12_Opgave 10.opus","atili/Dutch/DUO oefenexamens NT2/2023 Spreken II/audio/2023 Spreken II - 12 - opgave 10 - Festival.opus","12Fqdabkfn4T4AIbbqChDLF8U5gppF0MD"
"1 exam media","atili/Dutch/oefenexamensnt2/2023 Spreken II openbaar examen audiobestanden/Audio zips/Track 3_Opgave 2.opus","atili/Dutch/DUO oefenexamens NT2/2023 Spreken II/audio/2023 Spreken II - 03 - opgave 2 - Eerste keer vliegen.opus","139mAGXdwKLXePQBJf8E5HgDUbFIspsiX"
"1 exam media","atili/Dutch/oefenexamensnt2/2023 Spreken II openbaar examen audiobestanden/Audio zips/Track 10_Opgave 8.opus","atili/Dutch/DUO oefenexamens NT2/2023 Spreken II/audio/2023 Spreken II - 10 - opgave 8 - Stage in ziekenhuis.opus","1aY-i2bGqb0O6CrHQa87c4aOVzu3FXzHw"
"1 exam media","atili/Dutch/oefenexamensnt2/2023 Spreken II openbaar examen audiobestanden/Audio zips/Track 11_Opgave 9.opus","atili/Dutch/DUO oefenexamens NT2/2023 Spreken II/audio/2023 Spreken II - 11 - opgave 9 - Makelaar.opus","1Ugz889MH0093GU7GifKcKtRh7WgPYIRT"
"1 exam media","atili/Dutch/oefenexamensnt2/2023 Spreken II openbaar examen audiobestanden/Audio zips/Track 7_Opgave 5.opus","atili/Dutch/DUO oefenexamens NT2/2023 Spreken II/audio/2023 Spreken II - 07 - opgave 5 - Last van feestjes.opus","1O8QqF0PPakURh_CTsN6I-LUOQjMSS84c"
"1 exam media","atili/Dutch/oefenexamensnt2/2023 Spreken II openbaar examen audiobestanden/Audio zips/Track 1_deel 1 instructie.opus","atili/Dutch/DUO oefenexamens NT2/2023 Spreken II/audio/2023 Spreken II - 01 - deel 1 instructie.opus","1c6O79MH7sWUBuK-_bdDCqX_pCmFOyzXC"
"1 exam media","atili/Dutch/oefenexamensnt2/2023 Spreken II openbaar examen audiobestanden/Audio zips/Track 15_deel 3 instructie.opus","atili/Dutch/DUO oefenexamens NT2/2023 Spreken II/audio/2023 Spreken II - 15 - deel 3 instructie.opus","1c1cKiezug2haDgmlHtHc29itxakrHlzu"
"1 exam media","atili/Dutch/oefenexamensnt2/2023 Spreken II openbaar examen audiobestanden/Audio zips/Track 8_Opgave 6.opus","atili/Dutch/DUO oefenexamens NT2/2023 Spreken II/audio/2023 Spreken II - 08 - opgave 6 - Sportjournalist.opus","1GIQJ0m8kZO2BYDwPsQmEirDnSe9yofuk"
"1 exam media","atili/Dutch/oefenexamensnt2/2023 Spreken II openbaar examen audiobestanden/Audio zips/Track 5_Opgave 4.opus","atili/Dutch/DUO oefenexamens NT2/2023 Spreken II/audio/2023 Spreken II - 05 - opgave 4 - Keuze laptop.opus","1gs_txmY3zchLIhDYTiOKUWYWrEwBoAQJ"
"1 exam media","atili/Dutch/oefenexamensnt2/2023 Spreken II openbaar examen audiobestanden/Audio zips/Track 9_Opgave 7.opus","atili/Dutch/DUO oefenexamens NT2/2023 Spreken II/audio/2023 Spreken II - 09 - opgave 7 - Vrijwilligerswerk.opus","1ZtRoI_EeWaLha5YXJAW0JMM4K8UxIvhO"
"1 exam media","atili/Dutch/oefenexamensnt2/2023 Spreken II openbaar examen audiobestanden/Audio zips/Track 6_ deel 2 instructie.opus","atili/Dutch/DUO oefenexamens NT2/2023 Spreken II/audio/2023 Spreken II - 06 - deel 2 instructie.opus","1M0PRqLA_UNStOQ6j1WCHWfA7chVufPTj"
"1 exam media","atili/Dutch/oefenexamensnt2/2023 Spreken II openbaar examen audiobestanden/Audio zips/Track 4_Opgave 3.opus","atili/Dutch/DUO oefenexamens NT2/2023 Spreken II/audio/2023 Spreken II - 04 - opgave 3 - Weekenddienst.opus","1HCAL2wYvv3WER6R3OaEwrzbzN_Htjd2I"
"1 exam media","atili/Dutch/oefenexamensnt2/2023 Spreken II openbaar examen audiobestanden/Audio zips/Track 13_Opgave 11.opus","atili/Dutch/DUO oefenexamens NT2/2023 Spreken II/audio/2023 Spreken II - 13 - opgave 11 - Niet storen.opus","1PND8yWezjaZj3qxXlEYDUPvLmoHyHgLi"
"1 exam media","atili/Dutch/oefenexamensnt2/2023 Spreken II openbaar examen audiobestanden/Audio zips/Track 2_Opgave 1.opus","atili/Dutch/DUO oefenexamens NT2/2023 Spreken II/audio/2023 Spreken II - 02 - opgave 1 - Stage of scriptie.opus","17mh9LVaC8OcqVjlBTDoTXqQ0h40OwQKJ"
"1 exam media","atili/Dutch/oefenexamensnt2/2023 Spreken II openbaar examen audiobestanden/Audio zips/Track 14_Opgave 12.opus","atili/Dutch/DUO oefenexamens NT2/2023 Spreken II/audio/2023 Spreken II - 14 - opgave 12 - Rijbewijs vanaf 17 jaar.opus","1Zq73WoF-F-QOHJ3do3SUQKCxHQedr9ej"
"1 exam media","atili/Dutch/oefenexamensnt2/2024 Spreken II openbaar examen audiobestanden/Zips audio/Track 16_Opgave 13.mp3","atili/Dutch/DUO oefenexamens NT2/2024 Spreken II/audio/2024 Spreken II - 16 - opgave 13 - Geluidsoverlast.mp3","1P2kK3DV8HxPvFO7KboVnG-QdAkneRuIi"
"1 exam media","atili/Dutch/oefenexamensnt2/2024 Spreken II openbaar examen audiobestanden/Zips audio/Track 6_deel_2_instructie.mp3","atili/Dutch/DUO oefenexamens NT2/2024 Spreken II/audio/2024 Spreken II - 06 - deel 2 instructie.mp3","1IakxG1tBC3Jl0-VsMel9-xiuihX6pN2Z"
"1 exam media","atili/Dutch/oefenexamensnt2/2024 Spreken II openbaar examen audiobestanden/Zips audio/Track 5_Opgave 4.mp3","atili/Dutch/DUO oefenexamens NT2/2024 Spreken II/audio/2024 Spreken II - 05 - opgave 4 - Vragen stellen.mp3","1GVe-wtWNnPoJoyExqL5KYw0PRintzRHU"
"1 exam media","atili/Dutch/oefenexamensnt2/2024 Spreken II openbaar examen audiobestanden/Zips audio/Track 15_deel_3_instructie.mp3","atili/Dutch/DUO oefenexamens NT2/2024 Spreken II/audio/2024 Spreken II - 15 - deel 3 instructie.mp3","1D9-XR9f2_YTmNQDTtvJc54004qN7Netn"
"1 exam media","atili/Dutch/oefenexamensnt2/2024 Spreken II openbaar examen audiobestanden/Zips audio/Track 4_Opgave 3.mp3","atili/Dutch/DUO oefenexamens NT2/2024 Spreken II/audio/2024 Spreken II - 04 - opgave 3 - Bezorgdienst.mp3","1R7YhpGJbk2WLnZ9rB9QFhZqyEEunRxOa"
"1 exam media","atili/Dutch/oefenexamensnt2/2024 Spreken II openbaar examen audiobestanden/Zips audio/Track 13_Opgave 11.mp3","atili/Dutch/DUO oefenexamens NT2/2024 Spreken II/audio/2024 Spreken II - 13 - opgave 11 - Geld voor goed doel.mp3","1-8SMWy9G7dnvwAOQKnVcw1TE_kODj3A0"
"1 exam media","atili/Dutch/oefenexamensnt2/2024 Spreken II openbaar examen audiobestanden/Zips audio/Track 2_Opgave 1.mp3","atili/Dutch/DUO oefenexamens NT2/2024 Spreken II/audio/2024 Spreken II - 02 - opgave 1 - Rijexamen.mp3","1e8ZV82hom7Oxp2WqdHMGifiKlbpiIzmf"
"1 exam media","atili/Dutch/oefenexamensnt2/2024 Spreken II openbaar examen audiobestanden/Zips audio/Track 8_Opgave 6.mp3","atili/Dutch/DUO oefenexamens NT2/2024 Spreken II/audio/2024 Spreken II - 08 - opgave 6 - Tas.mp3","1RNWaP6AeTZaikO-EgcNj8NjZw8Ni7FcY"
"1 exam media","atili/Dutch/oefenexamensnt2/2024 Spreken II openbaar examen audiobestanden/Zips audio/Track 7_Opgave 5.mp3","atili/Dutch/DUO oefenexamens NT2/2024 Spreken II/audio/2024 Spreken II - 07 - opgave 5 - Kamer verven.mp3","13kMJRFYpop74MqA-KVsH0fHq3ciXv697"
"1 exam media","atili/Dutch/oefenexamensnt2/2024 Spreken II openbaar examen audiobestanden/Zips audio/Track 10_Opgave 8.mp3","atili/Dutch/DUO oefenexamens NT2/2024 Spreken II/audio/2024 Spreken II - 10 - opgave 8 - Uitwisseling.mp3","1xFeyuorLVIrJMROaTn9llB4fVNRR1mr9"
"1 exam media","atili/Dutch/oefenexamensnt2/2024 Spreken II openbaar examen audiobestanden/Zips audio/Track 1_deel_1_instructie.mp3","atili/Dutch/DUO oefenexamens NT2/2024 Spreken II/audio/2024 Spreken II - 01 - deel 1 instructie.mp3","1JzsDGdPXHWM_imNhfoDcgYfpyfIiLRVR"
"1 exam media","atili/Dutch/oefenexamensnt2/2024 Spreken II openbaar examen audiobestanden/Zips audio/Track 14_Opgave 12.mp3","atili/Dutch/DUO oefenexamens NT2/2024 Spreken II/audio/2024 Spreken II - 14 - opgave 12 - Maximumsnelheid.mp3","1FscIaUiPfdlu0GtLFD3sJO_3FYziji55"
"1 exam media","atili/Dutch/oefenexamensnt2/2024 Spreken II openbaar examen audiobestanden/Zips audio/Track 11_Opgave 9.mp3","atili/Dutch/DUO oefenexamens NT2/2024 Spreken II/audio/2024 Spreken II - 11 - opgave 9 - Ontevreden over cursus.mp3","1lzswFXZ_uRkPeoAqs4Qc9RyVbst_nbxK"
"1 exam media","atili/Dutch/oefenexamensnt2/2024 Spreken II openbaar examen audiobestanden/Zips audio/Track 3_Opgave 2.mp3","atili/Dutch/DUO oefenexamens NT2/2024 Spreken II/audio/2024 Spreken II - 03 - opgave 2 - 's Avonds college.mp3","1MYsSmO2GQeuMN0vrDlzxk9vVwTBbTgAT"
"1 exam media","atili/Dutch/oefenexamensnt2/2024 Spreken II openbaar examen audiobestanden/Zips audio/Track 9_Opgave 7.mp3","atili/Dutch/DUO oefenexamens NT2/2024 Spreken II/audio/2024 Spreken II - 09 - opgave 7 - Pasje aanvragen.mp3","1oEfh2-BHz5yy8nOr4OAoYrlWqBObugq3"
"1 exam media","atili/Dutch/oefenexamensnt2/2024 Spreken II openbaar examen audiobestanden/Zips audio/Track 12_Opgave 10.mp3","atili/Dutch/DUO oefenexamens NT2/2024 Spreken II/audio/2024 Spreken II - 12 - opgave 10 - Hogeschool of universiteit-.mp3","1HT2RbbgJ2CJUUofj9egbZsJglBVBnarv"
"1 exam media","atili/Dutch/oefenexamensnt2/2024 Spreken II openbaar examen audiobestanden/Zips audio/Track 12_Opgave 10.opus","atili/Dutch/DUO oefenexamens NT2/2024 Spreken II/audio/2024 Spreken II - 12 - opgave 10 - Hogeschool of universiteit-.opus","1XEHFavdO9jVUFWFe6fUrmVPzar_vq_F5"
"1 exam media","atili/Dutch/oefenexamensnt2/2024 Spreken II openbaar examen audiobestanden/Zips audio/Track 4_Opgave 3.opus","atili/Dutch/DUO oefenexamens NT2/2024 Spreken II/audio/2024 Spreken II - 04 - opgave 3 - Bezorgdienst.opus","17GNn1ji0AIHw7YKXxj5PrPVxXYZDxyGa"
"1 exam media","atili/Dutch/oefenexamensnt2/2024 Spreken II openbaar examen audiobestanden/Zips audio/Track 11_Opgave 9.opus","atili/Dutch/DUO oefenexamens NT2/2024 Spreken II/audio/2024 Spreken II - 11 - opgave 9 - Ontevreden over cursus.opus","1rPxLrgshURG7ncGsT92PcrGa1EkC-gnk"
"1 exam media","atili/Dutch/oefenexamensnt2/2024 Spreken II openbaar examen audiobestanden/Zips audio/Track 16_Opgave 13.opus","atili/Dutch/DUO oefenexamens NT2/2024 Spreken II/audio/2024 Spreken II - 16 - opgave 13 - Geluidsoverlast.opus","1m1mld-Eakta1tOCtLPAR4qaUcJgaS9oS"
"1 exam media","atili/Dutch/oefenexamensnt2/2024 Spreken II openbaar examen audiobestanden/Zips audio/Track 8_Opgave 6.opus","atili/Dutch/DUO oefenexamens NT2/2024 Spreken II/audio/2024 Spreken II - 08 - opgave 6 - Tas.opus","1zLWESOEkc1ubwq1qrXIXpIlzUeU-XluJ"
"1 exam media","atili/Dutch/oefenexamensnt2/2024 Spreken II openbaar examen audiobestanden/Zips audio/Track 10_Opgave 8.opus","atili/Dutch/DUO oefenexamens NT2/2024 Spreken II/audio/2024 Spreken II - 10 - opgave 8 - Uitwisseling.opus","1pigWNa2ByVIcKNvN0RfDuMJIE7iSm9Mq"
"1 exam media","atili/Dutch/oefenexamensnt2/2024 Spreken II openbaar examen audiobestanden/Zips audio/Track 7_Opgave 5.opus","atili/Dutch/DUO oefenexamens NT2/2024 Spreken II/audio/2024 Spreken II - 07 - opgave 5 - Kamer verven.opus","1tSt68tVWjbAmIeKtll1mzOhnV4FwfUhq"
"1 exam media","atili/Dutch/oefenexamensnt2/2024 Spreken II openbaar examen audiobestanden/Zips audio/Track 13_Opgave 11.opus","atili/Dutch/DUO oefenexamens NT2/2024 Spreken II/audio/2024 Spreken II - 13 - opgave 11 - Geld voor goed doel.opus","1B5bDoCDZq2bJB2qsytI002MiDUuEXAwg"
"1 exam media","atili/Dutch/oefenexamensnt2/2024 Spreken II openbaar examen audiobestanden/Zips audio/Track 2_Opgave 1.opus","atili/Dutch/DUO oefenexamens NT2/2024 Spreken II/audio/2024 Spreken II - 02 - opgave 1 - Rijexamen.opus","1Phl10DX-sopYygdlDP0qTnwNMEXbgXXQ"
"1 exam media","atili/Dutch/oefenexamensnt2/2024 Spreken II openbaar examen audiobestanden/Zips audio/Track 6_deel_2_instructie.opus","atili/Dutch/DUO oefenexamens NT2/2024 Spreken II/audio/2024 Spreken II - 06 - deel 2 instructie.opus","1Qx-8fIR5tsWfDGvNwC3zbSbyfkRmFwY9"
"1 exam media","atili/Dutch/oefenexamensnt2/2024 Spreken II openbaar examen audiobestanden/Zips audio/Track 9_Opgave 7.opus","atili/Dutch/DUO oefenexamens NT2/2024 Spreken II/audio/2024 Spreken II - 09 - opgave 7 - Pasje aanvragen.opus","1xcKb74UKUy4YAzLf_68TPwUbCR2PiUhE"
"1 exam media","atili/Dutch/oefenexamensnt2/2024 Spreken II openbaar examen audiobestanden/Zips audio/Track 15_deel_3_instructie.opus","atili/Dutch/DUO oefenexamens NT2/2024 Spreken II/audio/2024 Spreken II - 15 - deel 3 instructie.opus","1J6UAJYGbvutuXXT7Nhui1XVxZwCInplk"
"1 exam media","atili/Dutch/oefenexamensnt2/2024 Spreken II openbaar examen audiobestanden/Zips audio/Track 14_Opgave 12.opus","atili/Dutch/DUO oefenexamens NT2/2024 Spreken II/audio/2024 Spreken II - 14 - opgave 12 - Maximumsnelheid.opus","1BMoalkw96DcvEdlcFiyUr_7Q4yr5YIM0"
"1 exam media","atili/Dutch/oefenexamensnt2/2024 Spreken II openbaar examen audiobestanden/Zips audio/Track 1_deel_1_instructie.opus","atili/Dutch/DUO oefenexamens NT2/2024 Spreken II/audio/2024 Spreken II - 01 - deel 1 instructie.opus","1SWIfReh6Pumw-0Cockoba2GwmEIor8ze"
"1 exam media","atili/Dutch/oefenexamensnt2/2024 Spreken II openbaar examen audiobestanden/Zips audio/Track 5_Opgave 4.opus","atili/Dutch/DUO oefenexamens NT2/2024 Spreken II/audio/2024 Spreken II - 05 - opgave 4 - Vragen stellen.opus","19wIGY_KoGVIWC98xD5Gl60JJAx8ti3_H"
"1 exam media","atili/Dutch/oefenexamensnt2/2024 Spreken II openbaar examen audiobestanden/Zips audio/Track 3_Opgave 2.opus","atili/Dutch/DUO oefenexamens NT2/2024 Spreken II/audio/2024 Spreken II - 03 - opgave 2 - 's Avonds college.opus","1d-LugVXc4a1OzR31kB4cpPt0dm5CNFYy"
"2 exam papers","atili/Dutch/oefenexamensnt2/2025 Spreken II openbaar examen beoordelingsmodel (papier).pdf","atili/Dutch/DUO oefenexamens NT2/2025 Spreken II - beoordelingsmodel.pdf","1UV6Vz5sGxDs_Ihnsp7YNP70dsgkY3w98"
"2 exam papers","atili/Dutch/oefenexamensnt2/2025 Spreken II openbaar examen  opgavenboekje (papier).pdf","atili/Dutch/DUO oefenexamens NT2/2025 Spreken II - opgavenboekje.pdf","1zKAkXgvTcW-0PpuROtw8k2AaMfNKhqS7"
"2 exam papers","atili/Dutch/oefenexamensnt2/2024 Spreken II openbaar examen beoordelingsmodel (papier).pdf","atili/Dutch/DUO oefenexamens NT2/2024 Spreken II - beoordelingsmodel.pdf","1LQkQu0ltkQq-3_SYYf6zccO6CMO2bSNp"
"2 exam papers","atili/Dutch/oefenexamensnt2/2024 Spreken II openbaar examen  opgavenboekje (papier).pdf","atili/Dutch/DUO oefenexamens NT2/2024 Spreken II - opgavenboekje.pdf","1c0DDx17rNARSRPEM9ANuOp8wZVexnBGZ"
"2 exam papers","atili/Dutch/oefenexamensnt2/2023 Spreken II openbaar examen beoordelingsmodel (papier).pdf","atili/Dutch/DUO oefenexamens NT2/2023 Spreken II - beoordelingsmodel.pdf","1NKALyopEoUEaVec0lRgj5Yy9nefYe5N_"
"2 exam papers","atili/Dutch/oefenexamensnt2/2023 Spreken II openbaar examen  opgavenboekje (papier).pdf","atili/Dutch/DUO oefenexamens NT2/2023 Spreken II - opgavenboekje.pdf","1EX88TvnMflkhCwmoX39ExDuK7hfShuCF"
"2 exam papers","atili/Dutch/oefenexamensnt2/2025 Schrijven II openbaar examen beoordelingsmodel (papier).pdf","atili/Dutch/DUO oefenexamens NT2/2025 Schrijven II - beoordelingsmodel.pdf","1AXJ0IWlf3qT5IpeYEPNCvpZwSW3giyCn"
"2 exam papers","atili/Dutch/oefenexamensnt2/2025 Schrijven II openbaar examen  opgavenboekje (papier).pdf","atili/Dutch/DUO oefenexamens NT2/2025 Schrijven II - opgavenboekje.pdf","1W5Jo-gtNqLEDChGEbsiqnUtUoS-lxQC7"
"2 exam papers","atili/Dutch/oefenexamensnt2/2024 Schrijven II openbaar examen beoordelingsmodel (papier).pdf","atili/Dutch/DUO oefenexamens NT2/2024 Schrijven II - beoordelingsmodel.pdf","19xitYq9vkeI35clSv49lISDUgLeZ_4zT"
"2 exam papers","atili/Dutch/oefenexamensnt2/2024 Schrijven II openbaar examen  opgavenboekje (papier).pdf","atili/Dutch/DUO oefenexamens NT2/2024 Schrijven II - opgavenboekje.pdf","1pxuJrtHyArqo7LWoZ82GUHhD_A-4PN1_"
"2 exam papers","atili/Dutch/oefenexamensnt2/2023 Schrijven II openbaar examen beoordelingsmodel (papier).pdf","atili/Dutch/DUO oefenexamens NT2/2023 Schrijven II - beoordelingsmodel.pdf","1uMeyavvEkdP_EUxG75IFk3mwr5Z97dm_"
"2 exam papers","atili/Dutch/oefenexamensnt2/2023 Schrijven II openbaar examen  opgavenboekje (papier).pdf","atili/Dutch/DUO oefenexamens NT2/2023 Schrijven II - opgavenboekje.pdf","1AXeTdvtAfolVt025Wek2JBr_lr21n8Up"
"2 exam papers","atili/Dutch/oefenexamensnt2/2025 Luisteren II openbaar examen beoordelingsmodel (papier).pdf","atili/Dutch/DUO oefenexamens NT2/2025 Luisteren II - beoordelingsmodel.pdf","15nrZN2Dp7N9fLaTMJDbgqs_Y7y7WkWeC"
"2 exam papers","atili/Dutch/oefenexamensnt2/2025 Luisteren II openbaar examen  opgavenboekje (papier).pdf","atili/Dutch/DUO oefenexamens NT2/2025 Luisteren II - opgavenboekje.pdf","1JhYKB2OXAYeePMKQIqcOr7zIh-kNVmm4"
"2 exam papers","atili/Dutch/oefenexamensnt2/2024 Luisteren II openbaar examen beoordelingsmodel (papier).pdf","atili/Dutch/DUO oefenexamens NT2/2024 Luisteren II - beoordelingsmodel.pdf","1OQWJzP0YBqnHkYVkKkSE5QGYGnaKDlbv"
"2 exam papers","atili/Dutch/oefenexamensnt2/2024 Luisteren II openbaar examen  opgavenboekje (papier).pdf","atili/Dutch/DUO oefenexamens NT2/2024 Luisteren II - opgavenboekje.pdf","1OlKv0nDZ8lonAmDYfVj0n250UBIUTc0Q"
"2 exam papers","atili/Dutch/oefenexamensnt2/2023 Luisteren II openbaar examen beoordelingsmodel (papier).pdf","atili/Dutch/DUO oefenexamens NT2/2023 Luisteren II - beoordelingsmodel.pdf","1Y78XRO5j5_WroojUy5TQp9AT1eY_wFPG"
"2 exam papers","atili/Dutch/oefenexamensnt2/2023 Luisteren II openbaar examen  opgavenboekje (papier).pdf","atili/Dutch/DUO oefenexamens NT2/2023 Luisteren II - opgavenboekje.pdf","1ICnRNksrmcfGC3Qddd7Mdr27AJflvP7K"
"2 exam papers","atili/Dutch/oefenexamensnt2/2025 Lezen II openbaar examen tekst- en opgavenboekje (papier).pdf","atili/Dutch/DUO oefenexamens NT2/2025 Lezen II - opgavenboekje.pdf","1SdK3NrfCV0-KDeBr778ouE-m2BB9Rkxo"
"2 exam papers","atili/Dutch/oefenexamensnt2/2025 Lezen II openbaar examen beoordelingsmodel (papier).pdf","atili/Dutch/DUO oefenexamens NT2/2025 Lezen II - beoordelingsmodel.pdf","1dGRgcOSpu5cfovNekWXyTF_obAsGPaJS"
"2 exam papers","atili/Dutch/oefenexamensnt2/2024 Lezen II openbaar examen beoordelingsmodel (papier).pdf","atili/Dutch/DUO oefenexamens NT2/2024 Lezen II - beoordelingsmodel.pdf","1ynBVaRdGraDEe50hYP8NvNZfbmE7kEmK"
"2 exam papers","atili/Dutch/oefenexamensnt2/2024 Lezen II openbaar examen  tekst- en opgavenboekje (papier).pdf","atili/Dutch/DUO oefenexamens NT2/2024 Lezen II - opgavenboekje.pdf","13ioHbuBPvLHMvckbr25UyX-VFI51H4_T"
"2 exam papers","atili/Dutch/oefenexamensnt2/2023 Lezen II openbaar examen beoordelingsmodel (papier).pdf","atili/Dutch/DUO oefenexamens NT2/2023 Lezen II - beoordelingsmodel.pdf","1VrH8HY2MImpqm4IGiFnSS4SFJXgVIfoK"
"2 exam papers","atili/Dutch/oefenexamensnt2/2023 Lezen II openbaar examen  tekst- en opgavenboekje (papier).pdf","atili/Dutch/DUO oefenexamens NT2/2023 Lezen II - opgavenboekje.pdf","1luYK-rsf2UaiFu0geZWdVcSUT0abN8U2"
"2 exam papers","atili/Dutch/oefenexamensnt2/2025 Spreken I openbaar examen beoordelingsmodel (papier).pdf","atili/Dutch/DUO oefenexamens NT2/2025 Spreken I - beoordelingsmodel.pdf","1FWIZ4ZABLoBBNB0-jONn2gJ8gxs2jlTy"
"2 exam papers","atili/Dutch/oefenexamensnt2/2025 Spreken I openbaar examen  opgavenboekje (papier).pdf","atili/Dutch/DUO oefenexamens NT2/2025 Spreken I - opgavenboekje.pdf","1McZmeuTxNlw1D3Y6vzGcMZ1oX_8sXiA8"
"2 exam papers","atili/Dutch/oefenexamensnt2/2024 Spreken I openbaar examen beoordelingsmodel (papier).pdf","atili/Dutch/DUO oefenexamens NT2/2024 Spreken I - beoordelingsmodel.pdf","1hGyagAcUMgUmeeDJ1Ovv0ZYdnyqekPsL"
"2 exam papers","atili/Dutch/oefenexamensnt2/2024 Spreken I openbaar examen  opgavenboekje (papier).pdf","atili/Dutch/DUO oefenexamens NT2/2024 Spreken I - opgavenboekje.pdf","1FYmJYO-OCwPqSzJbX-0bGOvOAkdFWjOf"
"2 exam papers","atili/Dutch/oefenexamensnt2/2023 Spreken I openbaar examen beoordelingsmodel (papier).pdf","atili/Dutch/DUO oefenexamens NT2/2023 Spreken I - beoordelingsmodel.pdf","1bxwBg0AqDdBtZMJ2475yj3TiBsnQ0C29"
"2 exam papers","atili/Dutch/oefenexamensnt2/2023 Spreken I openbaar examen  opgavenboekje (papier).pdf","atili/Dutch/DUO oefenexamens NT2/2023 Spreken I - opgavenboekje.pdf","17EuaBSiU-k0X3FUfzBHdl_ppMIhg3i-5"
"2 exam papers","atili/Dutch/oefenexamensnt2/2025 Schrijven I openbaar examen beoordelingsmodel (papier).pdf","atili/Dutch/DUO oefenexamens NT2/2025 Schrijven I - beoordelingsmodel.pdf","19n7-jk3xCSl_gG9zfZXyC9sq-E2D0mzU"
"2 exam papers","atili/Dutch/oefenexamensnt2/2025 Schrijven I openbaar examen  opgavenboekje (papier).pdf","atili/Dutch/DUO oefenexamens NT2/2025 Schrijven I - opgavenboekje.pdf","1tvUqABbnsi2F1sPgGAi_Q16qNl2-tgsI"
"2 exam papers","atili/Dutch/oefenexamensnt2/2024 Schrijven I openbaar examen beoordelingsmodel (papier).pdf","atili/Dutch/DUO oefenexamens NT2/2024 Schrijven I - beoordelingsmodel.pdf","1SK0e9rextgP7TxiIw8rEdecTXXmR7V4M"
"2 exam papers","atili/Dutch/oefenexamensnt2/2024 Schrijven I openbaar examen  opgavenboekje (papier).pdf","atili/Dutch/DUO oefenexamens NT2/2024 Schrijven I - opgavenboekje.pdf","1gSC0FoqS5oJ6fBeaKtGU_XI74itUr1km"
"2 exam papers","atili/Dutch/oefenexamensnt2/2023 Schrijven I openbaar examen beoordelingsmodel (papier).pdf","atili/Dutch/DUO oefenexamens NT2/2023 Schrijven I - beoordelingsmodel.pdf","1TRZ1_JdiScZVxhXcgOMoZV8WbS-vIsbd"
"2 exam papers","atili/Dutch/oefenexamensnt2/2023 Schrijven I openbaar examen  opgavenboekje (papier).pdf","atili/Dutch/DUO oefenexamens NT2/2023 Schrijven I - opgavenboekje.pdf","1S25ZB930va0ypLK_rlV35Gnm32RX9YoV"
"2 exam papers","atili/Dutch/oefenexamensnt2/2025 Luisteren I openbaar examen beoordelingsmodel (papier).pdf","atili/Dutch/DUO oefenexamens NT2/2025 Luisteren I - beoordelingsmodel.pdf","1e0VNfhsk-AyuUHh_TThWrvS-4BSd2U1i"
"2 exam papers","atili/Dutch/oefenexamensnt2/2025 Luisteren I openbaar examen  opgavenboekje (papier).pdf","atili/Dutch/DUO oefenexamens NT2/2025 Luisteren I - opgavenboekje.pdf","1p4OSOuTrYNlQojct8pABMO6XCfe1PTlf"
"2 exam papers","atili/Dutch/oefenexamensnt2/2024 Luisteren I openbaar examen beoordelingsmodel (papier).pdf","atili/Dutch/DUO oefenexamens NT2/2024 Luisteren I - beoordelingsmodel.pdf","16VhQ_T5WdRUEvTA2zSUMWQiIMGHJEFRa"
"2 exam papers","atili/Dutch/oefenexamensnt2/2024 Luisteren I openbaar examen  opgavenboekje (papier).pdf","atili/Dutch/DUO oefenexamens NT2/2024 Luisteren I - opgavenboekje.pdf","1_EqIQozD56uc9gpkJo4MMnniPyo9xqPp"
"2 exam papers","atili/Dutch/oefenexamensnt2/2023 Luisteren I openbaar examen beoordelingsmodel (papier).pdf","atili/Dutch/DUO oefenexamens NT2/2023 Luisteren I - beoordelingsmodel.pdf","1I64xqpLY0SH_vbYFRGVpi1b9O5CZxM0_"
"2 exam papers","atili/Dutch/oefenexamensnt2/2023 Luisteren I openbaar examen  opgavenboekje (papier).pdf","atili/Dutch/DUO oefenexamens NT2/2023 Luisteren I - opgavenboekje.pdf","1gw5wcjtofv1V_7hHzC3oaZSUg7ZHF5Pm"
"2 exam papers","atili/Dutch/oefenexamensnt2/2025 Lezen I openbaar examen beoordelingsmodel (papier).pdf","atili/Dutch/DUO oefenexamens NT2/2025 Lezen I - beoordelingsmodel.pdf","1NaUMsevlhDJjLBz1VG6AdJhlLxG78eY-"
"2 exam papers","atili/Dutch/oefenexamensnt2/2025 Lezen I openbaar examen  tekst- en opgavenboekje (papier).pdf","atili/Dutch/DUO oefenexamens NT2/2025 Lezen I - opgavenboekje.pdf","10RIQ-ZPh_uYDegOW6mztWrUrKqggNXf1"
"2 exam papers","atili/Dutch/oefenexamensnt2/2024 Lezen I openbaar examen beoordelingsmodel (papier).pdf","atili/Dutch/DUO oefenexamens NT2/2024 Lezen I - beoordelingsmodel.pdf","1uBTZjsvnUXveOl3XQyZP5M0qb_BEItIj"
"2 exam papers","atili/Dutch/oefenexamensnt2/2024 Lezen I openbaar examen  tekst- en opgavenboekje (papier).pdf","atili/Dutch/DUO oefenexamens NT2/2024 Lezen I - opgavenboekje.pdf","1XH17MeR42s0nT3PeJKE_-djbaQTqqppN"
"2 exam papers","atili/Dutch/oefenexamensnt2/2023 Lezen I openbaar examen beoordelingsmodel (papier).pdf","atili/Dutch/DUO oefenexamens NT2/2023 Lezen I - beoordelingsmodel.pdf","1s4jtwL-Gri08D8s9kcKcM02LPAZ3HaDD"
"2 exam papers","atili/Dutch/oefenexamensnt2/2023 Lezen I openbaar examen  tekst- en opgavenboekje (papier).pdf","atili/Dutch/DUO oefenexamens NT2/2023 Lezen I - opgavenboekje.pdf","1BXWQU22ewe6XIvmyHiNBSSdy8GAEAySX"
"3 books","atili/Dutch/2129-Adim_Adim_Hollandaca-Ferhad_Yildiz-Baki-158s.pdf","atili/Dutch/Adım Adım Hollandaca (Ferhad Yıldız).pdf","1Sg5Zze2IyOXGhg7_WI7McL6zmIaA5s6X"
"3 books","atili/Dutch/Dutch, Teach Yourself (Quist & Strik).pdf","atili/Dutch/Teach Yourself Dutch (Quist & Strik).pdf","1AIIMBVsyw5reI2j7IG7vtPC-PQjAyJJO"
"3 books","atili/Dutch/Dutch-Short-Stories-For-Beginners.pdf","atili/Dutch/Dutch Short Stories for Beginners.pdf","1CysOBeuLfoofEShLHwU35l_JY7DNtwlz"
"3 books","atili/Dutch/Nederlands in actie: Methode Nederlands voor hoogopgeleide anderstaligen.pdf","atili/Dutch/Nederlands in actie - methode voor hoogopgeleide anderstaligen (Coutinho).pdf","1E89LzLERWRYRd3gCw5Y0dSSHJ-8Me2WC"
"3 books","atili/Dutch/Survival-Dutch.pdf","atili/Dutch/Survival Dutch (Dutch Academy Eindhoven).pdf","1QEIff8wXeV-A8HKUmW6suPnCPjqpK8mz"
"3 books","atili/Dutch/nederlands-in-gang-2017.pdf","atili/Dutch/Nederlands in gang - A0-A2 (Coutinho, 2017).pdf","1UkmSnGBBdsYmcpgjAUHF2aWF_WG7vqjt"
"3 books","atili/Dutch/nederlands-op-niveau.pdf","atili/Dutch/Nederlands op niveau - B1-B2 (Coutinho).pdf","153qZei6wsln67AMVxd6s3I7BU1VMkWXE"
"3 books","atili/Dutch/van-dale-groot-beeldwoordenboek-nederlands-english-franais-deutsch-9789066489738.djvu","atili/Dutch/Van Dale Groot Beeldwoordenboek NL-EN-FR-DE.djvu","1DVUCec_NttfiG5orpIdLcmMYgAIPFBb6"
"3 books","atili/Dutch/van-dale-groot-beeldwoordenboek-nederlands-english-franais-deutsch-9789066489738.pdf","atili/Dutch/Van Dale Groot Beeldwoordenboek NL-EN-FR-DE.pdf","1hmEmoVmTa_vqOFM8Ry6FMCBf79N3n2ub"
"3 books","atili/Dutch/van_start-woordenlijst_turks-web.pdf","atili/Dutch/Van Start - woordenlijst Nederlands-Turks (Boom, 2019).pdf","1G7gGz9PhpI6zCGXV0SITzuJXFRX7UcF5"
"3 books","atili/Dutch/woordenlijst_nederlands_turks.pdf","atili/Dutch/Basiscursus 1 - woordenlijst Nederlands-Turks (Boom, 2013).pdf","1TOYT9Y7Sx3L-NZJiadItwSr9ag9Eqe5q"
"3 books","atili/Dutch/van-dale-groot-beeldwoordenboek-split/van-dale-groot-beeldwoordenboek-nederlands-english-franais-deutsch-9789066489738_part_1.pdf","atili/Dutch/Van Dale Groot Beeldwoordenboek (3 delen)/Van Dale Groot Beeldwoordenboek - deel 1 van 3.pdf","1XbOnQxUAX6FXmhbkxP6iQAsnMWKG1aQp"
"3 books","atili/Dutch/van-dale-groot-beeldwoordenboek-split/van-dale-groot-beeldwoordenboek-nederlands-english-franais-deutsch-9789066489738_part_3.pdf","atili/Dutch/Van Dale Groot Beeldwoordenboek (3 delen)/Van Dale Groot Beeldwoordenboek - deel 3 van 3.pdf","1jdbcObg09sKUhKzMI8TYTunkWS4YkGjo"
"3 books","atili/Dutch/van-dale-groot-beeldwoordenboek-split/van-dale-groot-beeldwoordenboek-nederlands-english-franais-deutsch-9789066489738_part_2.pdf","atili/Dutch/Van Dale Groot Beeldwoordenboek (3 delen)/Van Dale Groot Beeldwoordenboek - deel 2 van 3.pdf","1kM5vUt1k0rby6mlkA31uivXNVl7cuHKN"
"4 goethe book2","atili/Dutch/TRNL-all/TRNL100.mp3","atili/Dutch/Goethe book2 TR-NL/TRNL 100 - Nitelik zarfları.mp3","1sXtLUBLlnIwE7n203YSAQ8uEshcbSpQf"
"4 goethe book2","atili/Dutch/TRNL-all/TRNL099.mp3","atili/Dutch/Goethe book2 TR-NL/TRNL 099 - Belirten.mp3","1WeuDB_fD5KzKY8HnRqF9VIr1LAbpUoag"
"4 goethe book2","atili/Dutch/TRNL-all/TRNL098.mp3","atili/Dutch/Goethe book2 TR-NL/TRNL 098 - Çift bağlaçlar.mp3","1pxNe6NzSQ9tC63Jus_FUy58jZzBNuuLu"
"4 goethe book2","atili/Dutch/TRNL-all/TRNL097.mp3","atili/Dutch/Goethe book2 TR-NL/TRNL 097 - Bağlaçlar 4.mp3","1sx-da6u1B8GD0MAVsW89pNWz7CoeZj-v"
"4 goethe book2","atili/Dutch/TRNL-all/TRNL096.mp3","atili/Dutch/Goethe book2 TR-NL/TRNL 096 - Bağlaçlar 3.mp3","1escFe248C_y9iuqZqOj2jM7TavgwXMR9"
"4 goethe book2","atili/Dutch/TRNL-all/TRNL095.mp3","atili/Dutch/Goethe book2 TR-NL/TRNL 095 - Bağlaçlar 2.mp3","15jBMUgdVM0GipV9q-jJ94JksPazYjxLY"
"4 goethe book2","atili/Dutch/TRNL-all/TRNL094.mp3","atili/Dutch/Goethe book2 TR-NL/TRNL 094 - Bağlaçlar 1.mp3","1yZ7mmtau2rr9PjuhUp9duMfjd83RHkYq"
"4 goethe book2","atili/Dutch/TRNL-all/TRNL093.mp3","atili/Dutch/Goethe book2 TR-NL/TRNL 093 - -mayıp - -meyip, -madığı - mediği li yan cümleler.mp3","1l4Lc10Zy6NOubIXxqOymdnrgL9GkOWaB"
"4 goethe book2","atili/Dutch/TRNL-all/TRNL092.mp3","atili/Dutch/Goethe book2 TR-NL/TRNL 092 - (ki) li yan cümleler.mp3","14P9605VxoPWs6tMVBz5dRs1pS0KqlCbW"
"4 goethe book2","atili/Dutch/TRNL-all/TRNL091.mp3","atili/Dutch/Goethe book2 TR-NL/TRNL 091 - (ki) li yan cümleler.mp3","1vtsRdOZFLM2gVqV3MMK4dF1nZGm1AqUn"
"4 goethe book2","atili/Dutch/TRNL-all/TRNL090.mp3","atili/Dutch/Goethe book2 TR-NL/TRNL 090 - Emir kipi 2.mp3","1kkhSlx2fvZ78sCCLpwPLESTduIyDFdYs"
"4 goethe book2","atili/Dutch/TRNL-all/TRNL089.mp3","atili/Dutch/Goethe book2 TR-NL/TRNL 089 - Emir kipi 1.mp3","1X7P8_FtlGyN3N1z0h5iV1_C7-Mgg70XS"
"4 goethe book2","atili/Dutch/TRNL-all/TRNL088.mp3","atili/Dutch/Goethe book2 TR-NL/TRNL 088 - Yardımcı fiillerin geçmiş zamanı 2.mp3","1WiCRFAnfMLeXD9xwHb8DaxCwVoclNsjN"
"4 goethe book2","atili/Dutch/TRNL-all/TRNL087.mp3","atili/Dutch/Goethe book2 TR-NL/TRNL 087 - Yardımcı fiillerin geçmiş zamanı 1.mp3","1w3BVlcjW7iKDgbPkXlT5Gw2HFkT-Trq9"
"4 goethe book2","atili/Dutch/TRNL-all/TRNL086.mp3","atili/Dutch/Goethe book2 TR-NL/TRNL 086 - Sorular – Geçmiş zaman 2.mp3","11gBfX0kbFb3vF1JtsB0FbNRfWvUUXPkT"
"4 goethe book2","atili/Dutch/TRNL-all/TRNL085.mp3","atili/Dutch/Goethe book2 TR-NL/TRNL 085 - Sorular – Geçmiş zaman 1.mp3","1fIExCy59YjRYFUErNVW45lqYBazqRJyU"
"4 goethe book2","atili/Dutch/TRNL-all/TRNL084.mp3","atili/Dutch/Goethe book2 TR-NL/TRNL 084 - Geçmiş zaman 4.mp3","1nFR7F4nWTMnWEDFgN_ARljOWEiX6n5IK"
"4 goethe book2","atili/Dutch/TRNL-all/TRNL083.mp3","atili/Dutch/Goethe book2 TR-NL/TRNL 083 - Geçmiş zaman 3.mp3","1Im5K2DneRx8fGiFz5FbF9h9hr_3ZUEq4"
"4 goethe book2","atili/Dutch/TRNL-all/TRNL082.mp3","atili/Dutch/Goethe book2 TR-NL/TRNL 082 - Geçmiş zaman 2.mp3","1fTtxliMemKvq3kpkMEJuUOTwc8Up7aVi"
"4 goethe book2","atili/Dutch/TRNL-all/TRNL081.mp3","atili/Dutch/Goethe book2 TR-NL/TRNL 081 - Geçmiş zaman 1.mp3","1I1GJliXngt2kLDeTI_GdveQ3czWr3IYx"
"4 goethe book2","atili/Dutch/TRNL-all/TRNL080.mp3","atili/Dutch/Goethe book2 TR-NL/TRNL 080 - Sıfatlar 3.mp3","1whEquWG0cmhzFmf0nIGGgWJoU9NLsoTZ"
"4 goethe book2","atili/Dutch/TRNL-all/TRNL079.mp3","atili/Dutch/Goethe book2 TR-NL/TRNL 079 - Sıfatlar 2.mp3","1y5kEPH33oLRyaVloVE8i229UlaDufUK0"
"4 goethe book2","atili/Dutch/TRNL-all/TRNL078.mp3","atili/Dutch/Goethe book2 TR-NL/TRNL 078 - Sıfatlar 1.mp3","1o-kdhg0GYhlVfu2l7XSW3oO8py0xKFDm"
"4 goethe book2","atili/Dutch/TRNL-all/TRNL077.mp3","atili/Dutch/Goethe book2 TR-NL/TRNL 077 - bir şeyler sebep göstermek 3.mp3","15XPVBfAQcdmG22jqr6XjX_EKoYCOXr3c"
"4 goethe book2","atili/Dutch/TRNL-all/TRNL076.mp3","atili/Dutch/Goethe book2 TR-NL/TRNL 076 - bir şeyler sebep göstermek 2.mp3","1sZQfJGXDMCT6cisz792rKg3zt7f4JqO6"
"4 goethe book2","atili/Dutch/TRNL-all/TRNL075.mp3","atili/Dutch/Goethe book2 TR-NL/TRNL 075 - bir şeyler sebep göstermek 1.mp3","18WpF6HowjyX3gqBuIVIABcuC2ty64-IQ"
"4 goethe book2","atili/Dutch/TRNL-all/TRNL074.mp3","atili/Dutch/Goethe book2 TR-NL/TRNL 074 - bir şey rica etmek.mp3","1AUujYYjJXMRxe7dd1yj6KXd7WsXBPQt-"
"4 goethe book2","atili/Dutch/TRNL-all/TRNL073.mp3","atili/Dutch/Goethe book2 TR-NL/TRNL 073 - bir şeylere muktedir olmak, yapabilmek.mp3","1mu8wyZPyXrsRGslWU4X4wmcQAWFUZ5QK"
"4 goethe book2","atili/Dutch/TRNL-all/TRNL072.mp3","atili/Dutch/Goethe book2 TR-NL/TRNL 072 - bir şeyler yapmak zorunda olmak.mp3","1Hw7RbmTbSgaD2YMqrPifPKrNcA_N6QR5"
"4 goethe book2","atili/Dutch/TRNL-all/TRNL071.mp3","atili/Dutch/Goethe book2 TR-NL/TRNL 071 - bir şey istemek.mp3","1PpIiX4-7gJD6W7w5qPs1RQdj1dOlirC1"
"4 goethe book2","atili/Dutch/TRNL-all/TRNL070.mp3","atili/Dutch/Goethe book2 TR-NL/TRNL 070 - bir şey arzu etmek.mp3","1gXhmqezwW9bS7Lc0PflQtnxDo90xPIzg"
"4 goethe book2","atili/Dutch/TRNL-all/TRNL069.mp3","atili/Dutch/Goethe book2 TR-NL/TRNL 069 - ihtiyacı olmak – istemek.mp3","1Zg-73HrxxAzqAj3nvdKDUIZh0s6twbvY"
"4 goethe book2","atili/Dutch/TRNL-all/TRNL068.mp3","atili/Dutch/Goethe book2 TR-NL/TRNL 068 - büyük – küçük.mp3","1WnPNMfu2o_Y7hrst6nYdNEsr9ZiXA0hw"
"4 goethe book2","atili/Dutch/TRNL-all/TRNL067.mp3","atili/Dutch/Goethe book2 TR-NL/TRNL 067 - İyelik zamiri 2.mp3","1ykYgka5QoYPOARbKZkWGGisnhZ1GtQic"
"4 goethe book2","atili/Dutch/TRNL-all/TRNL066.mp3","atili/Dutch/Goethe book2 TR-NL/TRNL 066 - İyelik zamiri 1.mp3","1G770yWTY7aQd1UbzOtd5fZyWsDeCYU8k"
"4 goethe book2","atili/Dutch/TRNL-all/TRNL065.mp3","atili/Dutch/Goethe book2 TR-NL/TRNL 065 - Olumsuz yanıt 2.mp3","12qdLTayrla6AhfeS0W8tlaoQ5GNmk_ZX"
"4 goethe book2","atili/Dutch/TRNL-all/TRNL064.mp3","atili/Dutch/Goethe book2 TR-NL/TRNL 064 - Olumsuz yanıt 1.mp3","15mKz2Iks6fY8QrBQOAU_YtfqSA8_FxvN"
"4 goethe book2","atili/Dutch/TRNL-all/TRNL063.mp3","atili/Dutch/Goethe book2 TR-NL/TRNL 063 - Soru sormak 2.mp3","1Ll_WpHOhRjMQOrdtYgjTEWgMTN1-rNYQ"
"4 goethe book2","atili/Dutch/TRNL-all/TRNL062.mp3","atili/Dutch/Goethe book2 TR-NL/TRNL 062 - Soru sormak 1.mp3","1omFLPffuv3NwCELnAx2oBKdDT-1o4uog"
"4 goethe book2","atili/Dutch/TRNL-all/TRNL061.mp3","atili/Dutch/Goethe book2 TR-NL/TRNL 061 - Sıralama sayıları.mp3","1ocEwXbut0y9eOrmNU-P8iq9ikIYPMcPJ"
"4 goethe book2","atili/Dutch/TRNL-all/TRNL060.mp3","atili/Dutch/Goethe book2 TR-NL/TRNL 060 - Bankada.mp3","1Ko2mrX74SB7VlWQwXbzaQBoiCLopwFgk"
"4 goethe book2","atili/Dutch/TRNL-all/TRNL059.mp3","atili/Dutch/Goethe book2 TR-NL/TRNL 059 - Postanede.mp3","1uhR5zeFe8ySXh1rGOU_TL5H1fsdeWVfE"
"4 goethe book2","atili/Dutch/TRNL-all/TRNL058.mp3","atili/Dutch/Goethe book2 TR-NL/TRNL 058 - Vücudun bölümleri.mp3","103f_i5Xo_nA-7TB0yt5tyYGzQIATneJT"
"4 goethe book2","atili/Dutch/TRNL-all/TRNL057.mp3","atili/Dutch/Goethe book2 TR-NL/TRNL 057 - Doktorda.mp3","1iQdqbMkItlu1AaXuQuaxN7hdLXEGTkT8"
"4 goethe book2","atili/Dutch/TRNL-all/TRNL056.mp3","atili/Dutch/Goethe book2 TR-NL/TRNL 056 - Duygular.mp3","1dQ21CiNxaaBrI__TSeI9l_HlSE_5hUdP"
"4 goethe book2","atili/Dutch/TRNL-all/TRNL055.mp3","atili/Dutch/Goethe book2 TR-NL/TRNL 055 - Çalışmak.mp3","1_i4AmXPnseTar1GuY_EHhmhnXpiczPDD"
"4 goethe book2","atili/Dutch/TRNL-all/TRNL054.mp3","atili/Dutch/Goethe book2 TR-NL/TRNL 054 - Alışveriş yapmak.mp3","11lL8BphRXOpoQqH9IQ0CYP4Rd627RMh8"
"4 goethe book2","atili/Dutch/TRNL-all/TRNL053.mp3","atili/Dutch/Goethe book2 TR-NL/TRNL 053 - Mağazalar.mp3","1iDMMXCIvQ1hByOK-Ibo7u2s2vmOLSGLW"
"4 goethe book2","atili/Dutch/TRNL-all/TRNL052.mp3","atili/Dutch/Goethe book2 TR-NL/TRNL 052 - Alışveriş merkezinde.mp3","1Uz_B4JF7ngcjV42wwdyBW6EmNnhcJu5S"
"4 goethe book2","atili/Dutch/TRNL-all/TRNL051.mp3","atili/Dutch/Goethe book2 TR-NL/TRNL 051 - Alışveriş yapmak.mp3","1QwzYGVVtTAVVpQVi752nCxCxGloIBxnP"
"4 goethe book2","atili/Dutch/TRNL-all/TRNL050.mp3","atili/Dutch/Goethe book2 TR-NL/TRNL 050 - Yüzme havuzunda.mp3","1ELe_74XOxrgMXGz2i3AhstltslTAdUn6"
"4 goethe book2","atili/Dutch/TRNL-all/TRNL049.mp3","atili/Dutch/Goethe book2 TR-NL/TRNL 049 - Spor.mp3","1Bg1eeFiUrfjvlg6GTz2iIAcmoq4Y-YBe"
"4 goethe book2","atili/Dutch/TRNL-all/TRNL048.mp3","atili/Dutch/Goethe book2 TR-NL/TRNL 048 - Tatil aktiviteleri.mp3","1_q9KV6JHHuv_dulbW9eqr5qNPpegXrGt"
"4 goethe book2","atili/Dutch/TRNL-all/TRNL047.mp3","atili/Dutch/Goethe book2 TR-NL/TRNL 047 - Seyahat hazırlıkları.mp3","1KBZHBVz9ij86ckVIRpSa4fXJkHaEwFXb"
"4 goethe book2","atili/Dutch/TRNL-all/TRNL046.mp3","atili/Dutch/Goethe book2 TR-NL/TRNL 046 - Diskoda.mp3","1QQ4SSkJQGIgHO1VqDbv_9fUA1iL9QMcx"
"4 goethe book2","atili/Dutch/TRNL-all/TRNL045.mp3","atili/Dutch/Goethe book2 TR-NL/TRNL 045 - Sinemada.mp3","1dVV3pZM7F_lgXOABIDyXPBTpSiDtXmWs"
"4 goethe book2","atili/Dutch/TRNL-all/TRNL044.mp3","atili/Dutch/Goethe book2 TR-NL/TRNL 044 - Gece çıkmak.mp3","1sLd4g8HEV15iIBiLOM8_4LdPYIUneNS1"
"4 goethe book2","atili/Dutch/TRNL-all/TRNL043.mp3","atili/Dutch/Goethe book2 TR-NL/TRNL 043 - Hayvanat bahçesinde.mp3","1tIjBwoeyT-4fPeSRop0dkLYVpONtAphS"
"4 goethe book2","atili/Dutch/TRNL-all/TRNL042.mp3","atili/Dutch/Goethe book2 TR-NL/TRNL 042 - Şehir turu.mp3","1n5razGFUaTvSFyb4XVOJqXxSU8aFm4_4"
"4 goethe book2","atili/Dutch/TRNL-all/TRNL041.mp3","atili/Dutch/Goethe book2 TR-NL/TRNL 041 - Oryantasyon.mp3","1rRGM_qWKSeiidtMUWEl2kn4N3LfsffCx"
"4 goethe book2","atili/Dutch/TRNL-all/TRNL040.mp3","atili/Dutch/Goethe book2 TR-NL/TRNL 040 - Yol sormak.mp3","190jF3rt89tFArVUrn3SsFalZhLZnNR6F"
"4 goethe book2","atili/Dutch/TRNL-all/TRNL039.mp3","atili/Dutch/Goethe book2 TR-NL/TRNL 039 - Araba arızası.mp3","1czkHjN3Yu19qbTR1XLKbSZGGr1R6sioL"
"4 goethe book2","atili/Dutch/TRNL-all/TRNL038.mp3","atili/Dutch/Goethe book2 TR-NL/TRNL 038 - Takside.mp3","1UcWV8FISiU7AdTNtwGRWkZET_g2kFeeb"
"4 goethe book2","atili/Dutch/TRNL-all/TRNL037.mp3","atili/Dutch/Goethe book2 TR-NL/TRNL 037 - Yolda.mp3","1mlwISzWU5tsXXrYwL4KXPQRz3nAXwAa-"
"4 goethe book2","atili/Dutch/TRNL-all/TRNL036.mp3","atili/Dutch/Goethe book2 TR-NL/TRNL 036 - Toplu taşıma.mp3","12t8R7i6nT6nnC_GacW1Iuar5oiqMB-eP"
"4 goethe book2","atili/Dutch/TRNL-all/TRNL035.mp3","atili/Dutch/Goethe book2 TR-NL/TRNL 035 - Havalimanında.mp3","16t3EIIugAhvG-pw4BRwyzRAADY3-EtrP"
"4 goethe book2","atili/Dutch/TRNL-all/TRNL034.mp3","atili/Dutch/Goethe book2 TR-NL/TRNL 034 - Trende.mp3","1lL-9zNROZ2uqBikwsV4gUt-1BBVXE97D"
"4 goethe book2","atili/Dutch/TRNL-all/TRNL033.mp3","atili/Dutch/Goethe book2 TR-NL/TRNL 033 - Tren istasyonunda.mp3","1RC21s1WCtRT-J0gE2HtoZ2Vc7TO42MBu"
"4 goethe book2","atili/Dutch/TRNL-all/TRNL032.mp3","atili/Dutch/Goethe book2 TR-NL/TRNL 032 - Restoranda 4.mp3","1NZ1SMYBNPGw3A9LxWYq_TgRMwRLaz4tE"
"4 goethe book2","atili/Dutch/TRNL-all/TRNL031.mp3","atili/Dutch/Goethe book2 TR-NL/TRNL 031 - Restoranda 3.mp3","1CyP4S_6j7Ju-QDmbC9Ky90_yZ5zK2TPC"
"4 goethe book2","atili/Dutch/TRNL-all/TRNL030.mp3","atili/Dutch/Goethe book2 TR-NL/TRNL 030 - Restoranda 2.mp3","1aiELowGdNHF-CBuW3njmjpurIQXI4VMn"
"4 goethe book2","atili/Dutch/TRNL-all/TRNL029.mp3","atili/Dutch/Goethe book2 TR-NL/TRNL 029 - Restoranda 1.mp3","1bTnD4TiZIvx0ZQu8FcQZDMsbHPXnO7Si"
"4 goethe book2","atili/Dutch/TRNL-all/TRNL028.mp3","atili/Dutch/Goethe book2 TR-NL/TRNL 028 - Otelde – şikâyetler.mp3","1HWeMAfD-og3kxQ2TUnP2L0BkyDySBmIn"
"4 goethe book2","atili/Dutch/TRNL-all/TRNL027.mp3","atili/Dutch/Goethe book2 TR-NL/TRNL 027 - Otelde – varış.mp3","1WFXptc6UHsVNKowZ4PAs3hI16PW_u2Jt"
"4 goethe book2","atili/Dutch/TRNL-all/TRNL026.mp3","atili/Dutch/Goethe book2 TR-NL/TRNL 026 - Doğada.mp3","1Rn6kdA4erePEX82w4-RNpW6yukn7zo1P"
"4 goethe book2","atili/Dutch/TRNL-all/TRNL025.mp3","atili/Dutch/Goethe book2 TR-NL/TRNL 025 - Şehirde.mp3","13uTnm0iI-xEsKBbJhyzjHwj0wt-aLc__"
"4 goethe book2","atili/Dutch/TRNL-all/TRNL024.mp3","atili/Dutch/Goethe book2 TR-NL/TRNL 024 - Randevulaşmak.mp3","1M9O2-m36-ot04UziD-cYo2SPmKOzlPZ-"
"4 goethe book2","atili/Dutch/TRNL-all/TRNL023.mp3","atili/Dutch/Goethe book2 TR-NL/TRNL 023 - Dil öğrenmek.mp3","1t56qDaTNSjTgNEJXTG91imXblHRZ72M5"
"4 goethe book2","atili/Dutch/TRNL-all/TRNL022.mp3","atili/Dutch/Goethe book2 TR-NL/TRNL 022 - Small Talk 3 (Kısa sohbet 3).mp3","1ByV64McoG4nIZXE2nKIsJQzbfwxbz4FM"
"4 goethe book2","atili/Dutch/TRNL-all/TRNL021.mp3","atili/Dutch/Goethe book2 TR-NL/TRNL 021 - Small Talk 2 (Kısa sohbet 2).mp3","1YHTK48AeweGh7HbaLXrKXHT6OHbElWOv"
"4 goethe book2","atili/Dutch/TRNL-all/TRNL020.mp3","atili/Dutch/Goethe book2 TR-NL/TRNL 020 - Small Talk 1 (Kısa sohbet 1).mp3","10Codh-Jr0EK0wywpokMXUCPnsTlelEDh"
"4 goethe book2","atili/Dutch/TRNL-all/TRNL019.mp3","atili/Dutch/Goethe book2 TR-NL/TRNL 019 - Mutfakta.mp3","1g00FvsbWf1yjUPZ9TFynfazGFQMThotz"
"4 goethe book2","atili/Dutch/TRNL-all/TRNL018.mp3","atili/Dutch/Goethe book2 TR-NL/TRNL 018 - Ev temizliği.mp3","16jAcFkjedDSQNxWAgFO9JR50AST_HCMt"
"4 goethe book2","atili/Dutch/TRNL-all/TRNL017.mp3","atili/Dutch/Goethe book2 TR-NL/TRNL 017 - Evde.mp3","17gfZC3fFOcPlvFgi6KoTvK72JBRtI1tr"
"4 goethe book2","atili/Dutch/TRNL-all/TRNL016.mp3","atili/Dutch/Goethe book2 TR-NL/TRNL 016 - Mevsimler ve hava.mp3","1mZ0Fw5JyylTZ-WG5EBNk7Du102ifWBt5"
"4 goethe book2","atili/Dutch/TRNL-all/TRNL015.mp3","atili/Dutch/Goethe book2 TR-NL/TRNL 015 - Meyve ve gıda maddeleri.mp3","1OqOOWQAQFSit9PPlti35iqAf3ldm8mtn"
"4 goethe book2","atili/Dutch/TRNL-all/TRNL014.mp3","atili/Dutch/Goethe book2 TR-NL/TRNL 014 - Renkler.mp3","1KkfBpIwvVj-fqHD8rgxm0pm-4BjdmOIL"
"4 goethe book2","atili/Dutch/TRNL-all/TRNL013.mp3","atili/Dutch/Goethe book2 TR-NL/TRNL 013 - Faaliyetler.mp3","1eCNBBB_ZkisUteufg5jvz08VCLfMsh0D"
"4 goethe book2","atili/Dutch/TRNL-all/TRNL012.mp3","atili/Dutch/Goethe book2 TR-NL/TRNL 012 - İçecekler.mp3","1y9WsrnJ6uBTIZileACEECyufJEeTQs2v"
"4 goethe book2","atili/Dutch/TRNL-all/TRNL011.mp3","atili/Dutch/Goethe book2 TR-NL/TRNL 011 - Aylar.mp3","1qK1lVpW-TFsz5ZQ6iL7ykst_H2mllR9L"
"4 goethe book2","atili/Dutch/TRNL-all/TRNL010.mp3","atili/Dutch/Goethe book2 TR-NL/TRNL 010 - Dün – bugün – yarın.mp3","1Zp6tBy2_5nnxQX50PBAhb_qoW1dqL_PR"
"4 goethe book2","atili/Dutch/TRNL-all/TRNL009.mp3","atili/Dutch/Goethe book2 TR-NL/TRNL 009 - Haftanın günleri.mp3","1MCvlWfxzTUld1svD5s1ac5MSS-FUDbYG"
"4 goethe book2","atili/Dutch/TRNL-all/TRNL008.mp3","atili/Dutch/Goethe book2 TR-NL/TRNL 008 - Saatler.mp3","1ql2AF7QVDpvzpM-KHLfnf4IRm79mg8pL"
"4 goethe book2","atili/Dutch/TRNL-all/TRNL007.mp3","atili/Dutch/Goethe book2 TR-NL/TRNL 007 - Sayılar.mp3","1LlfI3ZwcNCeTwv06PSMQFHwsMBTQ3lpZ"
"4 goethe book2","atili/Dutch/TRNL-all/TRNL006.mp3","atili/Dutch/Goethe book2 TR-NL/TRNL 006 - Okumak ve yazmak.mp3","1rQOb_4B2P9ARWOMBUrE1m0hthh-_2RwS"
"4 goethe book2","atili/Dutch/TRNL-all/TRNL005.mp3","atili/Dutch/Goethe book2 TR-NL/TRNL 005 - Ülkeler ve diller.mp3","12B-euEh4a_SuW3X67ryZcaVvWQrdBVIa"
"4 goethe book2","atili/Dutch/TRNL-all/TRNL004.mp3","atili/Dutch/Goethe book2 TR-NL/TRNL 004 - Okulda.mp3","1bXu5L0BhsvSny_6BUUcU1i2d4vpZrVc7"
"4 goethe book2","atili/Dutch/TRNL-all/TRNL003.mp3","atili/Dutch/Goethe book2 TR-NL/TRNL 003 - Tanımak, öğrenmek, anlamak.mp3","1Hu0Ou-JqRDK-zqqE2Eky8tncGDpeX8WI"
"4 goethe book2","atili/Dutch/TRNL-all/TRNL002.mp3","atili/Dutch/Goethe book2 TR-NL/TRNL 002 - Aile.mp3","1b4kmvr6L22ysIHvzOut_E_iTAPGtliSz"
"4 goethe book2","atili/Dutch/TRNL-all/TRNL001.mp3","atili/Dutch/Goethe book2 TR-NL/TRNL 001 - Kişiler.mp3","1o48k-voMHfHNDYQfPiG9V4PLG7ziJ_1c"
"A repair","atili/Dutch/dutch-listening/echt-gebeurd/audio/afl-575-puberdagboek-christine-marg├⌐s.mp3","atili/Dutch/dutch-listening/echt-gebeurd/audio/afl-575-puberdagboek-christine-margés.mp3","1JcBG03_AzH0jXWBOtU7Jbd-NQz2Jtkqp"
"A repair","atili/Dutch/dutch-listening/echt-gebeurd/audio/afl-576-de-parade-esma-╥½├╝r├╝k-en-thijs-van-litsenburg.mp3","atili/Dutch/dutch-listening/echt-gebeurd/audio/afl-576-de-parade-esma-ҫürük-en-thijs-van-litsenburg.mp3","1E6DVPPw7jsCveyri2c4dgcOlEAdpTm5k"
"A repair","atili/Dutch/dutch-listening/eenbeetjenederlands/transcript/57-andr├⌐-rieu-andr├⌐-hazes.txt","atili/Dutch/dutch-listening/eenbeetjenederlands/transcript/57-andré-rieu-andré-hazes.txt","1T5-ItFBwaoloDWjhdXz9tJgj72pjR1hD"
"A repair","atili/Dutch/dutch-listening/eenbeetjenederlands/transcript/11-marga-klomp├⌐.txt","atili/Dutch/dutch-listening/eenbeetjenederlands/transcript/11-marga-klompé.txt","1Q-m86mOWAE0rpjbKdUCAZAwGtja1jNYR"
"A repair","atili/Dutch/dutch-listening/eenbeetjenederlands/audio/11-marga-klomp├⌐.mp3","atili/Dutch/dutch-listening/eenbeetjenederlands/audio/11-marga-klompé.mp3","1Nf9RDqgOHqEg1pHqVjFuVCkl3_wbxirT"
"A repair","atili/Dutch/dutch-listening/eenbeetjenederlands/audio/57-andr├⌐-rieu-andr├⌐-hazes.mp3","atili/Dutch/dutch-listening/eenbeetjenederlands/audio/57-andré-rieu-andré-hazes.mp3","1xDc2TbtswQ-DwV5DvUOVgoUvgDvmyQUG"
"B jeugdjournaal","atili/Dutch/dutch-listening/nos-jeugdjournaal/audio/extra-roxy-dekker-over-haar-muziek-en-grote-liefde-koen.mp3","atili/Dutch/dutch-listening/nos-jeugdjournaal/audio/2026-08-26 - extra-roxy-dekker-over-haar-muziek-en-grote-liefde-koen.mp3","1ymZ-1srKrrLBoBclec9iOpVDZfLW6J0W"
"B jeugdjournaal","atili/Dutch/dutch-listening/nos-jeugdjournaal/audio/hoe-blijf-je-veilig-bij-onweer.mp3","atili/Dutch/dutch-listening/nos-jeugdjournaal/audio/2026-07-01 - hoe-blijf-je-veilig-bij-onweer.mp3","1-1R54EWU-zZHc4oJZFFnzI9QeP9oiDjJ"
"B jeugdjournaal","atili/Dutch/dutch-listening/nos-jeugdjournaal/audio/waarom-is-het-belangrijk-om-te-praten-over-de-dood.mp3","atili/Dutch/dutch-listening/nos-jeugdjournaal/audio/2026-06-25 - waarom-is-het-belangrijk-om-te-praten-over-de-dood.mp3","1ItdGreO7PupDx200i9lIbHNoz66_XmJC"
"B jeugdjournaal","atili/Dutch/dutch-listening/nos-jeugdjournaal/audio/alles-wat-je-moet-weten-om-mee-te-kunnen-praten-over-het-wk-voetbal.mp3","atili/Dutch/dutch-listening/nos-jeugdjournaal/audio/2026-06-17 - alles-wat-je-moet-weten-om-mee-te-kunnen-praten-over-het-wk-voetbal.mp3","1XvB3ZHw1_Ftkfj0HuJFpE6qe92U8qTiG"
"B jeugdjournaal","atili/Dutch/dutch-listening/nos-jeugdjournaal/audio/waarom-worden-aangespoelde-walvissen-onderzocht.mp3","atili/Dutch/dutch-listening/nos-jeugdjournaal/audio/2026-06-10 - waarom-worden-aangespoelde-walvissen-onderzocht.mp3","1vh4fILOsY9o1TF237rR2lnmtTvU9pCiH"
"B jeugdjournaal","atili/Dutch/dutch-listening/nos-jeugdjournaal/audio/hoe-volg-je-een-concert-als-je-blind-of-slechtziend-bent.mp3","atili/Dutch/dutch-listening/nos-jeugdjournaal/audio/2026-06-03 - hoe-volg-je-een-concert-als-je-blind-of-slechtziend-bent.mp3","172rpUpUIe4xh7EowWBN1Z5N5RN7DR5yp"
"B jeugdjournaal","atili/Dutch/dutch-listening/nos-jeugdjournaal/audio/waarom-lopen-de-protesten-tegen-asielzoekers-uit-de-hand.mp3","atili/Dutch/dutch-listening/nos-jeugdjournaal/audio/2026-05-20 - waarom-lopen-de-protesten-tegen-asielzoekers-uit-de-hand.mp3","1-34bvHweJLNmvPZIJaKV7cpS9a_-PyRp"
"B jeugdjournaal","atili/Dutch/dutch-listening/nos-jeugdjournaal/audio/moeten-kinderen-zich-zorgen-maken-over-het-hantavirus.mp3","atili/Dutch/dutch-listening/nos-jeugdjournaal/audio/2026-05-13 - moeten-kinderen-zich-zorgen-maken-over-het-hantavirus.mp3","1EP-pDrhdUsslmDucYUUVCdgZgTXifGPT"
"B jeugdjournaal","atili/Dutch/dutch-listening/nos-jeugdjournaal/audio/waarom-wordt-er-zo-weinig-gepraat-over-roma-en-sinti-in-de-tweede-were.mp3","atili/Dutch/dutch-listening/nos-jeugdjournaal/audio/2026-04-29 - waarom-wordt-er-zo-weinig-gepraat-over-roma-en-sinti-in-de-tweede-were.mp3","1TR0Vrq9-2rcAHJf8yLmR2c7K_dKP8Oyt"
"B jeugdjournaal","atili/Dutch/dutch-listening/nos-jeugdjournaal/audio/waarom-zien-we-steeds-vaker-ratten.mp3","atili/Dutch/dutch-listening/nos-jeugdjournaal/audio/2026-04-15 - waarom-zien-we-steeds-vaker-ratten.mp3","1ISkzWkbDjKQEMnxWVbK4YpLje3LWU-Xf"
"B jeugdjournaal","atili/Dutch/dutch-listening/nos-jeugdjournaal/audio/hoe-bedenk-je-de-perfecte-grap.mp3","atili/Dutch/dutch-listening/nos-jeugdjournaal/audio/2026-04-01 - hoe-bedenk-je-de-perfecte-grap.mp3","1d48dcqGkyyINXMrao_244O_mW8twg04U"
"B jeugdjournaal","atili/Dutch/dutch-listening/nos-jeugdjournaal/audio/wat-hebben-kinderen-nou-aan-gemeenteraadsverkiezingen.mp3","atili/Dutch/dutch-listening/nos-jeugdjournaal/audio/2026-03-18 - wat-hebben-kinderen-nou-aan-gemeenteraadsverkiezingen.mp3","1t-Zz8G2WpAi_xDJk44K8EdaqG_fYEBgg"
"B jeugdjournaal","atili/Dutch/dutch-listening/nos-jeugdjournaal/audio/hoe-kies-je-de-middelbare-school-die-bij-jou-past.mp3","atili/Dutch/dutch-listening/nos-jeugdjournaal/audio/2026-03-11 - hoe-kies-je-de-middelbare-school-die-bij-jou-past.mp3","1tB1NoVUss7n_XpbMQP5pKHG1k9PvSAj2"
"B jeugdjournaal","atili/Dutch/dutch-listening/nos-jeugdjournaal/audio/waarom-wordt-iran-aangevallen.mp3","atili/Dutch/dutch-listening/nos-jeugdjournaal/audio/2026-03-04 - waarom-wordt-iran-aangevallen.mp3","1upS3dIYdKbaIr9Vw4nsuuhhbGcU7Pvv4"
"B jeugdjournaal","atili/Dutch/dutch-listening/nos-jeugdjournaal/audio/waarom-moeten-steeds-meer-kinderen-naar-halt.mp3","atili/Dutch/dutch-listening/nos-jeugdjournaal/audio/2026-02-25 - waarom-moeten-steeds-meer-kinderen-naar-halt.mp3","1deVWhpoWNM6tuRv6M2qkVNCc4HVaWHC-"
"B jeugdjournaal","atili/Dutch/dutch-listening/nos-jeugdjournaal/audio/wordt-rob-jetten-een-goede-minister-president-voor-nederland.mp3","atili/Dutch/dutch-listening/nos-jeugdjournaal/audio/2026-02-18 - wordt-rob-jetten-een-goede-minister-president-voor-nederland.mp3","1oA92tCtPwMW229EseAqxfy6Rx58hr_C_"
"B jeugdjournaal","atili/Dutch/dutch-listening/nos-jeugdjournaal/audio/hoe-win-je-goud-op-de-olympische-winterspelen.mp3","atili/Dutch/dutch-listening/nos-jeugdjournaal/audio/2026-02-04 - hoe-win-je-goud-op-de-olympische-winterspelen.mp3","19zNoOqZ1ioWlmVjE6kPI1HqbTnVvtw_G"
"B jeugdjournaal","atili/Dutch/dutch-listening/nos-jeugdjournaal/audio/hoe-zorg-je-dat-je-klaar-bent-voor-de-doorstroomtoets.mp3","atili/Dutch/dutch-listening/nos-jeugdjournaal/audio/2026-01-28 - hoe-zorg-je-dat-je-klaar-bent-voor-de-doorstroomtoets.mp3","1t4hzGMkewzhsM1oAbEm25BdbpwL29Ov8"
"B jeugdjournaal","atili/Dutch/dutch-listening/nos-jeugdjournaal/audio/45-jaar-jeugdjournaal-hoe-kijken-oud-presentatoren-daarop-terug.mp3","atili/Dutch/dutch-listening/nos-jeugdjournaal/audio/2026-01-10 - 45-jaar-jeugdjournaal-hoe-kijken-oud-presentatoren-daarop-terug.mp3","1ij186TxG4tFfLVioK8Wzhs-xmH_sw4s_"
"B jeugdjournaal","atili/Dutch/dutch-listening/nos-jeugdjournaal/audio/hoe-zorg-je-dat-het-kerstdiner-een-succes-wordt.mp3","atili/Dutch/dutch-listening/nos-jeugdjournaal/audio/2025-12-17 - hoe-zorg-je-dat-het-kerstdiner-een-succes-wordt.mp3","1LD-KEbaXL9eILoXWF43Pt_JE2UZpcDJJ"
"B jeugdjournaal","atili/Dutch/dutch-listening/nos-jeugdjournaal/audio/hoe-zwaar-is-het-om-youtuber-te-zijn.mp3","atili/Dutch/dutch-listening/nos-jeugdjournaal/audio/2025-12-10 - hoe-zwaar-is-het-om-youtuber-te-zijn.mp3","166M4R6owG0GJEy1Z_FuUQNklW2Krcwss"
"B jeugdjournaal","atili/Dutch/dutch-listening/nos-jeugdjournaal/audio/moeten-kinderen-zich-voorbereiden-op-een-noodsituatie.mp3","atili/Dutch/dutch-listening/nos-jeugdjournaal/audio/2025-12-03 - moeten-kinderen-zich-voorbereiden-op-een-noodsituatie.mp3","1wrp1hppq-kNeuAXORUqIly5jUcGKvsG6"
"B jeugdjournaal","atili/Dutch/dutch-listening/nos-jeugdjournaal/audio/feest-hoe-wordt-de-jeugdjournaalpodcast-gemaakt.mp3","atili/Dutch/dutch-listening/nos-jeugdjournaal/audio/2025-11-26 - feest-hoe-wordt-de-jeugdjournaalpodcast-gemaakt.mp3","1S6PgWiEVPuSSUqI2JAYSVCKcSL04IcG8"
"B jeugdjournaal","atili/Dutch/dutch-listening/nos-jeugdjournaal/audio/hoe-werd-suriname-onafhankelijk-van-nederland.mp3","atili/Dutch/dutch-listening/nos-jeugdjournaal/audio/2025-11-19 - hoe-werd-suriname-onafhankelijk-van-nederland.mp3","1dp6_4IG3r9yumLmT1bC52imo4_sBcpmz"
"B jeugdjournaal","atili/Dutch/dutch-listening/nos-jeugdjournaal/audio/wat-gebeurt-er-als-we-niets-doen-aan-klimaatverandering.mp3","atili/Dutch/dutch-listening/nos-jeugdjournaal/audio/2025-11-12 - wat-gebeurt-er-als-we-niets-doen-aan-klimaatverandering.mp3","1oOHSNugQ6mWzjWSSng-FoDnBVHXbIVko"
"B jeugdjournaal","atili/Dutch/dutch-listening/nos-jeugdjournaal/audio/kapot-en-giftig-hoe-weet-je-of-spullen-in-webshops-goed-zijn.mp3","atili/Dutch/dutch-listening/nos-jeugdjournaal/audio/2025-11-05 - kapot-en-giftig-hoe-weet-je-of-spullen-in-webshops-goed-zijn.mp3","1VYyvb5BPlp7PV5uSkiNj_bhkpKPLEXGh"
"B jeugdjournaal","atili/Dutch/dutch-listening/nos-jeugdjournaal/audio/hoe-kun-je-samenwerken-met-je-grootste-tegenstander.mp3","atili/Dutch/dutch-listening/nos-jeugdjournaal/audio/2025-10-29 - hoe-kun-je-samenwerken-met-je-grootste-tegenstander.mp3","1BR3ZJ6iFeN_oG_SkWP3AYGJAZPlK04l1"
"B jeugdjournaal","atili/Dutch/dutch-listening/nos-jeugdjournaal/audio/is-het-gevaarlijk-om-politicus-te-zijn.mp3","atili/Dutch/dutch-listening/nos-jeugdjournaal/audio/2025-10-15 - is-het-gevaarlijk-om-politicus-te-zijn.mp3","1l76pQmX_Mc2yqMcXToXJ3VDrsEFvbt33"
"B jeugdjournaal","atili/Dutch/dutch-listening/nos-jeugdjournaal/audio/hoe-weet-je-wat-echt-is-over-de-oorlog-in-gaza.mp3","atili/Dutch/dutch-listening/nos-jeugdjournaal/audio/2025-10-08 - hoe-weet-je-wat-echt-is-over-de-oorlog-in-gaza.mp3","1FExeLq19aVJ60K4QCvxK3bHfvXZ2wIqF"
"B jeugdjournaal","atili/Dutch/dutch-listening/nos-jeugdjournaal/audio/zijn-drones-cool-of-gevaarlijk.mp3","atili/Dutch/dutch-listening/nos-jeugdjournaal/audio/2025-10-01 - zijn-drones-cool-of-gevaarlijk.mp3","1b_UH-C6gLbvkdaxElvK38k0gx8bJyvij"
"B jeugdjournaal","atili/Dutch/dutch-listening/nos-jeugdjournaal/audio/is-er-een-spinnenplaag-in-nederland.mp3","atili/Dutch/dutch-listening/nos-jeugdjournaal/audio/2025-09-24 - is-er-een-spinnenplaag-in-nederland.mp3","1UPKmhcA2hanyN7T1JgHsT6tSWC2TBBCW"
"B jeugdjournaal","atili/Dutch/dutch-listening/nos-jeugdjournaal/audio/waarom-is-pesten-niet-verboden.mp3","atili/Dutch/dutch-listening/nos-jeugdjournaal/audio/2025-09-17 - waarom-is-pesten-niet-verboden.mp3","1POHHn6Alesw0xYD9YvTDJccxs9yqirNH"
"B jeugdjournaal","atili/Dutch/dutch-listening/nos-jeugdjournaal/audio/is-het-slecht-om-de-hele-dag-op-school-te-zitten.mp3","atili/Dutch/dutch-listening/nos-jeugdjournaal/audio/2025-09-10 - is-het-slecht-om-de-hele-dag-op-school-te-zitten.mp3","11pFD6lt2RTpOzgj8tqwu5CdGE0fwWYsl"
"B jeugdjournaal","atili/Dutch/dutch-listening/nos-jeugdjournaal/audio/offline-wanneer-ben-je-klaar-voor-een-telefoon.mp3","atili/Dutch/dutch-listening/nos-jeugdjournaal/audio/2025-08-22 - offline-wanneer-ben-je-klaar-voor-een-telefoon.mp3","1QICW5pmTuTIenDIfj_99Gbz6q27aZ01x"
"B jeugdjournaal","atili/Dutch/dutch-listening/nos-jeugdjournaal/audio/offline-hoe-schadelijk-is-een-telefoon.mp3","atili/Dutch/dutch-listening/nos-jeugdjournaal/audio/2025-08-21 - offline-hoe-schadelijk-is-een-telefoon.mp3","16STyxCzUAw4ZyDtJV0vMdXFII2_qkFag"
"B jeugdjournaal","atili/Dutch/dutch-listening/nos-jeugdjournaal/audio/offline-wat-is-het-probleem.mp3","atili/Dutch/dutch-listening/nos-jeugdjournaal/audio/2025-08-20 - offline-wat-is-het-probleem.mp3","1PbmRpXX1SfkWj4pVlyFpBWOOmV4vwfGc"
"B jeugdjournaal","atili/Dutch/dutch-listening/nos-jeugdjournaal/audio/bye-bye-basisschool-hoe-neem-je-goed-afscheid.mp3","atili/Dutch/dutch-listening/nos-jeugdjournaal/audio/2025-06-25 - bye-bye-basisschool-hoe-neem-je-goed-afscheid.mp3","1ecKQbM2lXuIgGYdV9FL62YO3vIaqQ8G9"
"B jeugdjournaal","atili/Dutch/dutch-listening/nos-jeugdjournaal/audio/waarom-zijn-er-27000-agenten-nodig-voor-├⌐├⌐n-vergadering.mp3","atili/Dutch/dutch-listening/nos-jeugdjournaal/audio/2025-06-18 - waarom-zijn-er-27000-agenten-nodig-voor-één-vergadering.mp3","1CM60zOWlz6_ITRk_qFOiXMiWQR3Oujhu"
"B jeugdjournaal","atili/Dutch/dutch-listening/nos-jeugdjournaal/audio/wat-is-de-echte-reden-dat-wilders-is-gestopt.mp3","atili/Dutch/dutch-listening/nos-jeugdjournaal/audio/2025-06-04 - wat-is-de-echte-reden-dat-wilders-is-gestopt.mp3","1QSD1-bCik_EM50FCUm-z_kubMbt6Wb59"
"B jeugdjournaal","atili/Dutch/dutch-listening/nos-jeugdjournaal/audio/cr├¿mes-serums-en-lotion-maken-kinderen-hun-huid-kapot.mp3","atili/Dutch/dutch-listening/nos-jeugdjournaal/audio/2025-05-28 - crèmes-serums-en-lotion-maken-kinderen-hun-huid-kapot.mp3","12gkfsyLrHhdorx_ULnvFjR-2XTRXr_S_"
"C librivox","atili/Dutch/dutch-listening/librivox-nl/audio/zoon_dik_trom_0908_librivox/trom2_14_kieviet_64kb.mp3","atili/Dutch/dutch-listening/librivox-nl/audio/zoon_dik_trom_0908_librivox/De zoon van Dik Trom - hoofdstuk 14 (Kieviet).mp3","1XQfCIMukQekKr78xaR0kaL4NyGNHY47N"
"C librivox","atili/Dutch/dutch-listening/librivox-nl/audio/zoon_dik_trom_0908_librivox/trom2_13_kieviet_64kb.mp3","atili/Dutch/dutch-listening/librivox-nl/audio/zoon_dik_trom_0908_librivox/De zoon van Dik Trom - hoofdstuk 13 (Kieviet).mp3","1JzGcVo7sHee6kTfGYwwikbxncZqwRoo4"
"C librivox","atili/Dutch/dutch-listening/librivox-nl/audio/zoon_dik_trom_0908_librivox/trom2_12_kieviet_64kb.mp3","atili/Dutch/dutch-listening/librivox-nl/audio/zoon_dik_trom_0908_librivox/De zoon van Dik Trom - hoofdstuk 12 (Kieviet).mp3","1BOzpmaFv-lAexxqWYwpYKnlf45lg9CE4"
"C librivox","atili/Dutch/dutch-listening/librivox-nl/audio/zoon_dik_trom_0908_librivox/trom2_11_kieviet_64kb.mp3","atili/Dutch/dutch-listening/librivox-nl/audio/zoon_dik_trom_0908_librivox/De zoon van Dik Trom - hoofdstuk 11 (Kieviet).mp3","12zjElx8M0lwvDKJ-Ry6B4EXblcRU5sMx"
"C librivox","atili/Dutch/dutch-listening/librivox-nl/audio/zoon_dik_trom_0908_librivox/trom2_10_kieviet_64kb.mp3","atili/Dutch/dutch-listening/librivox-nl/audio/zoon_dik_trom_0908_librivox/De zoon van Dik Trom - hoofdstuk 10 (Kieviet).mp3","1AN4jbytF5jJ24ftPnULl61wCPk0rCshW"
"C librivox","atili/Dutch/dutch-listening/librivox-nl/audio/zoon_dik_trom_0908_librivox/trom2_09_kieviet_64kb.mp3","atili/Dutch/dutch-listening/librivox-nl/audio/zoon_dik_trom_0908_librivox/De zoon van Dik Trom - hoofdstuk 09 (Kieviet).mp3","1F_HoJST-NINfvfv_6XYf5zNlq3aZLpkg"
"C librivox","atili/Dutch/dutch-listening/librivox-nl/audio/zoon_dik_trom_0908_librivox/trom2_08_kieviet_64kb.mp3","atili/Dutch/dutch-listening/librivox-nl/audio/zoon_dik_trom_0908_librivox/De zoon van Dik Trom - hoofdstuk 08 (Kieviet).mp3","1dqCMpeGx9N5I900C0I6O8tjZ4nYooma1"
"C librivox","atili/Dutch/dutch-listening/librivox-nl/audio/zoon_dik_trom_0908_librivox/trom2_07_kieviet_64kb.mp3","atili/Dutch/dutch-listening/librivox-nl/audio/zoon_dik_trom_0908_librivox/De zoon van Dik Trom - hoofdstuk 07 (Kieviet).mp3","1NK-fB5hhUY4WpU8rZL11zucLnvUkpnPn"
"C librivox","atili/Dutch/dutch-listening/librivox-nl/audio/zoon_dik_trom_0908_librivox/trom2_06_kieviet_64kb.mp3","atili/Dutch/dutch-listening/librivox-nl/audio/zoon_dik_trom_0908_librivox/De zoon van Dik Trom - hoofdstuk 06 (Kieviet).mp3","1yQi8WnLnEf7sdrulcQNSrVB6-Ilq1SIy"
"C librivox","atili/Dutch/dutch-listening/librivox-nl/audio/zoon_dik_trom_0908_librivox/trom2_05_kieviet_64kb.mp3","atili/Dutch/dutch-listening/librivox-nl/audio/zoon_dik_trom_0908_librivox/De zoon van Dik Trom - hoofdstuk 05 (Kieviet).mp3","1TRZlvvn1Lr13Cy5j7sI1d2fw-WAyyiuM"
"C librivox","atili/Dutch/dutch-listening/librivox-nl/audio/zoon_dik_trom_0908_librivox/trom2_04_kieviet_64kb.mp3","atili/Dutch/dutch-listening/librivox-nl/audio/zoon_dik_trom_0908_librivox/De zoon van Dik Trom - hoofdstuk 04 (Kieviet).mp3","1cozCwH11E1ViTntwGG2pCll2o-ZgG0_D"
"C librivox","atili/Dutch/dutch-listening/librivox-nl/audio/zoon_dik_trom_0908_librivox/trom2_03_kieviet_64kb.mp3","atili/Dutch/dutch-listening/librivox-nl/audio/zoon_dik_trom_0908_librivox/De zoon van Dik Trom - hoofdstuk 03 (Kieviet).mp3","18Hr4IXGHuGxGDlWN8_kStTi7E5bhXX71"
"C librivox","atili/Dutch/dutch-listening/librivox-nl/audio/zoon_dik_trom_0908_librivox/trom2_02_kieviet_64kb.mp3","atili/Dutch/dutch-listening/librivox-nl/audio/zoon_dik_trom_0908_librivox/De zoon van Dik Trom - hoofdstuk 02 (Kieviet).mp3","1VDmsPvamrGgbqFZx3jOhp63Af4-tluuD"
"C librivox","atili/Dutch/dutch-listening/librivox-nl/audio/zoon_dik_trom_0908_librivox/trom2_01_kieviet_64kb.mp3","atili/Dutch/dutch-listening/librivox-nl/audio/zoon_dik_trom_0908_librivox/De zoon van Dik Trom - hoofdstuk 01 (Kieviet).mp3","1GfaQFZAKswW_9AFgj7CpFgF6Tiko710x"
"C librivox","atili/Dutch/dutch-listening/librivox-nl/audio/ali_baba_en_de_veertig_roovers_1411_librivox/alibaba_04_anoniem_64kb.mp3","atili/Dutch/dutch-listening/librivox-nl/audio/ali_baba_en_de_veertig_roovers_1411_librivox/Ali Baba en de veertig roovers - deel 04.mp3","1B5xjMsDz4yn8d0DE5wLSLjXuqrlch4F3"
"C librivox","atili/Dutch/dutch-listening/librivox-nl/audio/ali_baba_en_de_veertig_roovers_1411_librivox/alibaba_03_anoniem_64kb.mp3","atili/Dutch/dutch-listening/librivox-nl/audio/ali_baba_en_de_veertig_roovers_1411_librivox/Ali Baba en de veertig roovers - deel 03.mp3","1EVC47snENyCx7MgiCXieOQ57jEZnnvf5"
"C librivox","atili/Dutch/dutch-listening/librivox-nl/audio/ali_baba_en_de_veertig_roovers_1411_librivox/alibaba_02_anoniem_64kb.mp3","atili/Dutch/dutch-listening/librivox-nl/audio/ali_baba_en_de_veertig_roovers_1411_librivox/Ali Baba en de veertig roovers - deel 02.mp3","1wZYb81Gjn39TKrfYocj3inhWantTF6GD"
"C librivox","atili/Dutch/dutch-listening/librivox-nl/audio/ali_baba_en_de_veertig_roovers_1411_librivox/alibaba_01_anoniem_64kb.mp3","atili/Dutch/dutch-listening/librivox-nl/audio/ali_baba_en_de_veertig_roovers_1411_librivox/Ali Baba en de veertig roovers - deel 01.mp3","1zsU78ufXxQmKO1IOgAAQrV2QWVQ4x0K3"
